/*
Navicat MySQL Data Transfer

Source Server         : MySQL
Source Server Version : 50720
Source Host           : localhost:3306
Source Database       : ncov

Target Server Type    : MYSQL
Target Server Version : 50720
File Encoding         : 65001

Date: 2020-04-09 17:34:37
*/

SET FOREIGN_KEY_CHECKS=0;

-- ----------------------------
-- Table structure for t_city
-- ----------------------------
DROP TABLE IF EXISTS `t_city`;
CREATE TABLE `t_city` (
  `id` int(11) NOT NULL AUTO_INCREMENT,
  `location_id` int(11) DEFAULT NULL COMMENT '城市id',
  `province_location_id` int(11) DEFAULT NULL COMMENT '直属的省id',
  `city_name` varchar(255) DEFAULT NULL COMMENT '城市名称',
  `current_confirmed_count` int(255) DEFAULT NULL COMMENT '现存确诊',
  `confirmed_count` int(255) DEFAULT NULL COMMENT '累计确诊',
  `suspected_count` int(255) DEFAULT NULL COMMENT '境外输入',
  `cured_count` int(255) DEFAULT NULL COMMENT '累计治愈',
  `dead_count` int(255) DEFAULT NULL COMMENT '累计死亡',
  PRIMARY KEY (`id`)
) ENGINE=InnoDB AUTO_INCREMENT=445 DEFAULT CHARSET=utf8 ROW_FORMAT=DYNAMIC;

-- ----------------------------
-- Records of t_city
-- ----------------------------
INSERT INTO `t_city` VALUES ('1', '420100', '420000', '武汉', '398', '50008', '0', '47036', '2574');
INSERT INTO `t_city` VALUES ('2', '420600', '420000', '襄阳', '1', '1175', '0', '1135', '39');
INSERT INTO `t_city` VALUES ('3', '420500', '420000', '宜昌', '1', '931', '0', '894', '36');
INSERT INTO `t_city` VALUES ('4', '429004', '420000', '仙桃', '1', '575', '0', '552', '22');
INSERT INTO `t_city` VALUES ('5', '420900', '420000', '孝感', '0', '3518', '0', '3389', '129');
INSERT INTO `t_city` VALUES ('6', '421100', '420000', '黄冈', '0', '2907', '0', '2782', '125');
INSERT INTO `t_city` VALUES ('7', '421000', '420000', '荆州', '0', '1580', '0', '1528', '52');
INSERT INTO `t_city` VALUES ('8', '420700', '420000', '鄂州', '0', '1394', '0', '1335', '59');
INSERT INTO `t_city` VALUES ('9', '421300', '420000', '随州', '0', '1307', '0', '1262', '45');
INSERT INTO `t_city` VALUES ('10', '420200', '420000', '黄石', '0', '1015', '0', '976', '39');
INSERT INTO `t_city` VALUES ('11', '420800', '420000', '荆门', '0', '928', '0', '887', '41');
INSERT INTO `t_city` VALUES ('12', '421200', '420000', '咸宁', '0', '836', '0', '821', '15');
INSERT INTO `t_city` VALUES ('13', '420300', '420000', '十堰', '0', '672', '0', '664', '8');
INSERT INTO `t_city` VALUES ('14', '429006', '420000', '天门', '0', '496', '0', '481', '15');
INSERT INTO `t_city` VALUES ('15', '422800', '420000', '恩施州', '0', '252', '0', '245', '7');
INSERT INTO `t_city` VALUES ('16', '429005', '420000', '潜江', '0', '198', '0', '189', '9');
INSERT INTO `t_city` VALUES ('17', '429021', '420000', '神农架林区', '0', '11', '0', '11', '0');
INSERT INTO `t_city` VALUES ('18', '0', '230000', '境外输入', '126', '127', '0', '1', '0');
INSERT INTO `t_city` VALUES ('19', '230100', '230000', '哈尔滨', '0', '198', '0', '194', '4');
INSERT INTO `t_city` VALUES ('20', '230500', '230000', '双鸭山', '0', '52', '0', '49', '3');
INSERT INTO `t_city` VALUES ('21', '231200', '230000', '绥化', '0', '47', '0', '43', '4');
INSERT INTO `t_city` VALUES ('22', '230300', '230000', '鸡西', '0', '46', '0', '46', '0');
INSERT INTO `t_city` VALUES ('23', '230200', '230000', '齐齐哈尔', '0', '43', '0', '42', '1');
INSERT INTO `t_city` VALUES ('24', '230600', '230000', '大庆', '0', '26', '0', '25', '1');
INSERT INTO `t_city` VALUES ('25', '230900', '230000', '七台河', '0', '17', '0', '17', '0');
INSERT INTO `t_city` VALUES ('26', '230800', '230000', '佳木斯', '0', '15', '0', '15', '0');
INSERT INTO `t_city` VALUES ('27', '231000', '230000', '牡丹江', '0', '15', '0', '15', '0');
INSERT INTO `t_city` VALUES ('28', '231100', '230000', '黑河', '0', '14', '0', '14', '0');
INSERT INTO `t_city` VALUES ('29', '230400', '230000', '鹤岗', '0', '5', '0', '5', '0');
INSERT INTO `t_city` VALUES ('30', '232700', '230000', '大兴安岭', '0', '3', '0', '3', '0');
INSERT INTO `t_city` VALUES ('31', '230700', '230000', '伊春', '0', '1', '0', '1', '0');
INSERT INTO `t_city` VALUES ('32', '0', '310000', '境外输入', '119', '213', '0', '94', '0');
INSERT INTO `t_city` VALUES ('33', '0', '310000', '外地来沪', '4', '111', '0', '107', '0');
INSERT INTO `t_city` VALUES ('34', '310113', '310000', '宝山区', '2', '22', '0', '19', '1');
INSERT INTO `t_city` VALUES ('35', '310114', '310000', '嘉定区', '1', '9', '0', '7', '1');
INSERT INTO `t_city` VALUES ('36', '310115', '310000', '浦东新区', '0', '61', '0', '60', '1');
INSERT INTO `t_city` VALUES ('37', '310112', '310000', '闵行区', '0', '19', '0', '19', '0');
INSERT INTO `t_city` VALUES ('38', '310104', '310000', '徐汇区', '0', '18', '0', '17', '1');
INSERT INTO `t_city` VALUES ('39', '310106', '310000', '静安区', '0', '16', '0', '15', '1');
INSERT INTO `t_city` VALUES ('40', '310117', '310000', '松江区', '0', '14', '0', '14', '0');
INSERT INTO `t_city` VALUES ('41', '310105', '310000', '长宁区', '0', '13', '0', '13', '0');
INSERT INTO `t_city` VALUES ('42', '310107', '310000', '普陀区', '0', '11', '0', '11', '0');
INSERT INTO `t_city` VALUES ('43', '310110', '310000', '杨浦区', '0', '9', '0', '9', '0');
INSERT INTO `t_city` VALUES ('44', '310120', '310000', '奉贤区', '0', '9', '0', '9', '0');
INSERT INTO `t_city` VALUES ('45', '310109', '310000', '虹口区', '0', '7', '0', '7', '0');
INSERT INTO `t_city` VALUES ('46', '310101', '310000', '黄浦区', '0', '6', '0', '6', '0');
INSERT INTO `t_city` VALUES ('47', '310118', '310000', '青浦区', '0', '6', '0', '6', '0');
INSERT INTO `t_city` VALUES ('48', '310116', '310000', '金山区', '0', '4', '0', '4', '0');
INSERT INTO `t_city` VALUES ('49', '310151', '310000', '崇明区', '0', '4', '0', '4', '0');
INSERT INTO `t_city` VALUES ('50', '0', '310000', '待明确地区', '-3', '0', '0', '1', '2');
INSERT INTO `t_city` VALUES ('51', '0', '110000', '境外输入', '110', '172', '2', '62', '0');
INSERT INTO `t_city` VALUES ('52', '110105', '110000', '朝阳区', '72', '72', '0', '0', '0');
INSERT INTO `t_city` VALUES ('53', '110108', '110000', '海淀区', '64', '64', '0', '0', '0');
INSERT INTO `t_city` VALUES ('54', '110102', '110000', '西城区', '53', '53', '0', '0', '0');
INSERT INTO `t_city` VALUES ('55', '110106', '110000', '丰台区', '40', '43', '0', '3', '0');
INSERT INTO `t_city` VALUES ('56', '110115', '110000', '大兴区', '23', '39', '0', '16', '0');
INSERT INTO `t_city` VALUES ('57', '0', '110000', '外地来京', '23', '25', '0', '2', '0');
INSERT INTO `t_city` VALUES ('58', '110114', '110000', '昌平区', '19', '29', '0', '10', '0');
INSERT INTO `t_city` VALUES ('59', '110112', '110000', '通州区', '18', '19', '0', '1', '0');
INSERT INTO `t_city` VALUES ('60', '110111', '110000', '房山区', '13', '16', '0', '3', '0');
INSERT INTO `t_city` VALUES ('61', '110101', '110000', '东城区', '13', '14', '0', '1', '0');
INSERT INTO `t_city` VALUES ('62', '110116', '110000', '怀柔区', '7', '7', '0', '0', '0');
INSERT INTO `t_city` VALUES ('63', '110118', '110000', '密云区', '7', '7', '0', '0', '0');
INSERT INTO `t_city` VALUES ('64', '110107', '110000', '石景山区', '5', '14', '0', '9', '0');
INSERT INTO `t_city` VALUES ('65', '110109', '110000', '门头沟区', '1', '3', '0', '2', '0');
INSERT INTO `t_city` VALUES ('66', '110119', '110000', '延庆区', '1', '1', '0', '0', '0');
INSERT INTO `t_city` VALUES ('67', '110113', '110000', '顺义区', '0', '10', '0', '10', '0');
INSERT INTO `t_city` VALUES ('68', '0', '110000', '待明确地区', '-353', '0', '0', '345', '8');
INSERT INTO `t_city` VALUES ('69', '440100', '440000', '广州', '65', '467', '6', '401', '1');
INSERT INTO `t_city` VALUES ('70', '440300', '440000', '深圳', '37', '456', '1', '416', '3');
INSERT INTO `t_city` VALUES ('71', '440600', '440000', '佛山', '12', '96', '1', '84', '0');
INSERT INTO `t_city` VALUES ('72', '440400', '440000', '珠海', '5', '103', '1', '97', '1');
INSERT INTO `t_city` VALUES ('73', '445200', '440000', '揭阳', '3', '11', '0', '8', '0');
INSERT INTO `t_city` VALUES ('74', '440800', '440000', '湛江', '2', '24', '2', '22', '0');
INSERT INTO `t_city` VALUES ('75', '440500', '440000', '汕头', '1', '26', '0', '25', '0');
INSERT INTO `t_city` VALUES ('76', '440700', '440000', '江门', '1', '24', '0', '23', '0');
INSERT INTO `t_city` VALUES ('77', '441200', '440000', '肇庆', '1', '20', '0', '18', '1');
INSERT INTO `t_city` VALUES ('78', '441400', '440000', '梅州', '1', '17', '0', '16', '0');
INSERT INTO `t_city` VALUES ('79', '445100', '440000', '潮州', '1', '6', '0', '5', '0');
INSERT INTO `t_city` VALUES ('80', '441900', '440000', '东莞', '0', '100', '0', '99', '1');
INSERT INTO `t_city` VALUES ('81', '442000', '440000', '中山', '0', '68', '0', '68', '0');
INSERT INTO `t_city` VALUES ('82', '441300', '440000', '惠州', '0', '62', '0', '62', '0');
INSERT INTO `t_city` VALUES ('83', '441700', '440000', '阳江', '0', '14', '0', '14', '0');
INSERT INTO `t_city` VALUES ('84', '440900', '440000', '茂名', '0', '14', '0', '14', '0');
INSERT INTO `t_city` VALUES ('85', '441800', '440000', '清远', '0', '12', '0', '12', '0');
INSERT INTO `t_city` VALUES ('86', '440200', '440000', '韶关', '0', '10', '0', '9', '1');
INSERT INTO `t_city` VALUES ('87', '441500', '440000', '汕尾', '0', '5', '0', '5', '0');
INSERT INTO `t_city` VALUES ('88', '441600', '440000', '河源', '0', '4', '0', '4', '0');
INSERT INTO `t_city` VALUES ('89', '0', '440000', '待明确地区', '-21', '0', '0', '21', '0');
INSERT INTO `t_city` VALUES ('90', '0', '150000', '境外输入人员', '46', '51', '0', '5', '0');
INSERT INTO `t_city` VALUES ('91', '150600', '150000', '鄂尔多斯', '0', '11', '0', '11', '0');
INSERT INTO `t_city` VALUES ('92', '150200', '150000', '包头', '0', '11', '0', '11', '0');
INSERT INTO `t_city` VALUES ('93', '150400', '150000', '赤峰', '0', '9', '0', '9', '0');
INSERT INTO `t_city` VALUES ('94', '152500', '150000', '锡林郭勒盟', '0', '9', '0', '9', '0');
INSERT INTO `t_city` VALUES ('95', '150800', '150000', '巴彦淖尔', '0', '8', '0', '7', '1');
INSERT INTO `t_city` VALUES ('96', '150100', '150000', '呼和浩特', '0', '7', '0', '7', '0');
INSERT INTO `t_city` VALUES ('97', '150500', '150000', '通辽', '0', '7', '0', '7', '0');
INSERT INTO `t_city` VALUES ('98', '150700', '150000', '呼伦贝尔', '0', '7', '0', '7', '0');
INSERT INTO `t_city` VALUES ('99', '150900', '150000', '乌兰察布', '0', '3', '0', '3', '0');
INSERT INTO `t_city` VALUES ('100', '150300', '150000', '乌海市', '0', '2', '0', '2', '0');
INSERT INTO `t_city` VALUES ('101', '152200', '150000', '兴安盟', '0', '1', '0', '1', '0');
INSERT INTO `t_city` VALUES ('102', '0', '350000', '境外输入人员', '42', '55', '1', '13', '0');
INSERT INTO `t_city` VALUES ('103', '350100', '350000', '福州', '0', '72', '0', '71', '1');
INSERT INTO `t_city` VALUES ('104', '350300', '350000', '莆田', '0', '56', '0', '56', '0');
INSERT INTO `t_city` VALUES ('105', '350500', '350000', '泉州', '0', '47', '0', '47', '0');
INSERT INTO `t_city` VALUES ('106', '350200', '350000', '厦门', '0', '35', '0', '35', '0');
INSERT INTO `t_city` VALUES ('107', '350900', '350000', '宁德', '0', '26', '0', '26', '0');
INSERT INTO `t_city` VALUES ('108', '350600', '350000', '漳州', '0', '20', '0', '20', '0');
INSERT INTO `t_city` VALUES ('109', '350700', '350000', '南平', '0', '20', '0', '20', '0');
INSERT INTO `t_city` VALUES ('110', '350400', '350000', '三明', '0', '14', '0', '14', '0');
INSERT INTO `t_city` VALUES ('111', '350800', '350000', '龙岩', '0', '6', '0', '6', '0');
INSERT INTO `t_city` VALUES ('112', '0', '140000', '境外输入', '32', '33', '5', '1', '0');
INSERT INTO `t_city` VALUES ('113', '140700', '140000', '晋中', '0', '37', '0', '37', '0');
INSERT INTO `t_city` VALUES ('114', '140100', '140000', '太原', '0', '20', '0', '20', '0');
INSERT INTO `t_city` VALUES ('115', '140800', '140000', '运城', '0', '19', '0', '19', '0');
INSERT INTO `t_city` VALUES ('116', '140200', '140000', '大同', '0', '12', '0', '12', '0');
INSERT INTO `t_city` VALUES ('117', '140500', '140000', '晋城', '0', '10', '0', '10', '0');
INSERT INTO `t_city` VALUES ('118', '140400', '140000', '长治', '0', '8', '0', '8', '0');
INSERT INTO `t_city` VALUES ('119', '140600', '140000', '朔州', '0', '8', '0', '8', '0');
INSERT INTO `t_city` VALUES ('120', '140900', '140000', '忻州', '0', '7', '0', '7', '0');
INSERT INTO `t_city` VALUES ('121', '141100', '140000', '吕梁', '0', '6', '0', '6', '0');
INSERT INTO `t_city` VALUES ('122', '140300', '140000', '阳泉', '0', '4', '0', '4', '0');
INSERT INTO `t_city` VALUES ('123', '141000', '140000', '临汾', '0', '2', '0', '2', '0');
INSERT INTO `t_city` VALUES ('124', '0', '330000', '境外输入', '30', '49', '1', '19', '0');
INSERT INTO `t_city` VALUES ('125', '330400', '330000', '嘉兴', '1', '46', '0', '45', '0');
INSERT INTO `t_city` VALUES ('126', '330300', '330000', '温州', '0', '504', '0', '503', '1');
INSERT INTO `t_city` VALUES ('127', '330100', '330000', '杭州', '0', '181', '0', '181', '0');
INSERT INTO `t_city` VALUES ('128', '330200', '330000', '宁波', '0', '157', '0', '157', '0');
INSERT INTO `t_city` VALUES ('129', '331000', '330000', '台州', '0', '146', '0', '146', '0');
INSERT INTO `t_city` VALUES ('130', '330700', '330000', '金华', '0', '55', '0', '55', '0');
INSERT INTO `t_city` VALUES ('131', '330600', '330000', '绍兴', '0', '42', '0', '42', '0');
INSERT INTO `t_city` VALUES ('132', '0', '330000', '省十里丰监狱', '0', '36', '0', '36', '0');
INSERT INTO `t_city` VALUES ('133', '331100', '330000', '丽水', '0', '17', '0', '17', '0');
INSERT INTO `t_city` VALUES ('134', '330800', '330000', '衢州', '0', '14', '0', '14', '0');
INSERT INTO `t_city` VALUES ('135', '330500', '330000', '湖州', '0', '10', '0', '10', '0');
INSERT INTO `t_city` VALUES ('136', '330900', '330000', '舟山', '0', '10', '0', '10', '0');
INSERT INTO `t_city` VALUES ('137', '0', '120000', '境外输入', '27', '46', '0', '19', '0');
INSERT INTO `t_city` VALUES ('138', '120115', '120000', '宝坻区', '0', '60', '0', '58', '2');
INSERT INTO `t_city` VALUES ('139', '120102', '120000', '河东区', '0', '15', '0', '14', '1');
INSERT INTO `t_city` VALUES ('140', '120105', '120000', '河北区', '0', '12', '0', '12', '0');
INSERT INTO `t_city` VALUES ('141', '120113', '120000', '北辰区', '0', '6', '0', '6', '0');
INSERT INTO `t_city` VALUES ('142', '120104', '120000', '南开区', '0', '6', '0', '6', '0');
INSERT INTO `t_city` VALUES ('143', '120101', '120000', '和平区', '0', '6', '0', '6', '0');
INSERT INTO `t_city` VALUES ('144', '-1', '120000', '外地来津', '0', '6', '0', '6', '0');
INSERT INTO `t_city` VALUES ('145', '120110', '120000', '东丽区', '0', '4', '0', '4', '0');
INSERT INTO `t_city` VALUES ('146', '120117', '120000', '宁河区', '0', '4', '0', '4', '0');
INSERT INTO `t_city` VALUES ('147', '120103', '120000', '河西区', '0', '4', '0', '4', '0');
INSERT INTO `t_city` VALUES ('148', '120111', '120000', '西青区', '0', '4', '0', '4', '0');
INSERT INTO `t_city` VALUES ('149', '120116', '120000', '滨海新区', '0', '3', '0', '3', '0');
INSERT INTO `t_city` VALUES ('150', '120114', '120000', '武清区', '0', '2', '0', '2', '0');
INSERT INTO `t_city` VALUES ('151', '120106', '120000', '红桥区', '0', '2', '0', '2', '0');
INSERT INTO `t_city` VALUES ('152', '120112', '120000', '津南区', '0', '2', '0', '2', '0');
INSERT INTO `t_city` VALUES ('153', '0', '370000', '境外输入', '18', '22', '14', '4', '0');
INSERT INTO `t_city` VALUES ('154', '370800', '370000', '济宁', '0', '260', '0', '260', '0');
INSERT INTO `t_city` VALUES ('155', '370200', '370000', '青岛', '0', '61', '0', '60', '1');
INSERT INTO `t_city` VALUES ('156', '371300', '370000', '临沂', '0', '49', '0', '49', '0');
INSERT INTO `t_city` VALUES ('157', '370100', '370000', '济南', '0', '47', '0', '47', '0');
INSERT INTO `t_city` VALUES ('158', '370600', '370000', '烟台', '0', '47', '0', '47', '0');
INSERT INTO `t_city` VALUES ('159', '370700', '370000', '潍坊', '0', '44', '0', '44', '0');
INSERT INTO `t_city` VALUES ('160', '371000', '370000', '威海', '0', '38', '0', '37', '1');
INSERT INTO `t_city` VALUES ('161', '371500', '370000', '聊城', '0', '38', '0', '38', '0');
INSERT INTO `t_city` VALUES ('162', '371400', '370000', '德州', '0', '37', '0', '35', '2');
INSERT INTO `t_city` VALUES ('163', '370900', '370000', '泰安', '0', '35', '0', '33', '2');
INSERT INTO `t_city` VALUES ('164', '370300', '370000', '淄博', '0', '30', '0', '29', '1');
INSERT INTO `t_city` VALUES ('165', '370400', '370000', '枣庄', '0', '24', '0', '24', '0');
INSERT INTO `t_city` VALUES ('166', '371700', '370000', '菏泽', '0', '18', '0', '18', '0');
INSERT INTO `t_city` VALUES ('167', '371100', '370000', '日照', '0', '16', '0', '16', '0');
INSERT INTO `t_city` VALUES ('168', '371600', '370000', '滨州', '0', '15', '0', '15', '0');
INSERT INTO `t_city` VALUES ('169', '0', '370000', '待明确地区', '2', '2', '0', '0', '0');
INSERT INTO `t_city` VALUES ('170', '0', '320000', '境外输入', '18', '20', '0', '2', '0');
INSERT INTO `t_city` VALUES ('171', '320100', '320000', '南京', '0', '93', '0', '93', '0');
INSERT INTO `t_city` VALUES ('172', '320500', '320000', '苏州', '0', '87', '0', '87', '0');
INSERT INTO `t_city` VALUES ('173', '320300', '320000', '徐州', '0', '79', '0', '79', '0');
INSERT INTO `t_city` VALUES ('174', '320800', '320000', '淮安', '0', '66', '0', '66', '0');
INSERT INTO `t_city` VALUES ('175', '320200', '320000', '无锡', '0', '55', '0', '55', '0');
INSERT INTO `t_city` VALUES ('176', '320400', '320000', '常州', '0', '51', '0', '51', '0');
INSERT INTO `t_city` VALUES ('177', '320700', '320000', '连云港', '0', '48', '0', '48', '0');
INSERT INTO `t_city` VALUES ('178', '320600', '320000', '南通', '0', '40', '0', '40', '0');
INSERT INTO `t_city` VALUES ('179', '321200', '320000', '泰州', '0', '37', '0', '37', '0');
INSERT INTO `t_city` VALUES ('180', '320900', '320000', '盐城', '0', '27', '0', '27', '0');
INSERT INTO `t_city` VALUES ('181', '321000', '320000', '扬州', '0', '23', '0', '23', '0');
INSERT INTO `t_city` VALUES ('182', '321300', '320000', '宿迁', '0', '13', '0', '13', '0');
INSERT INTO `t_city` VALUES ('183', '321100', '320000', '镇江', '0', '12', '0', '12', '0');
INSERT INTO `t_city` VALUES ('184', '510100', '510000', '成都', '16', '165', '13', '146', '3');
INSERT INTO `t_city` VALUES ('185', '513300', '510000', '甘孜州', '0', '78', '0', '78', '0');
INSERT INTO `t_city` VALUES ('186', '511700', '510000', '达州', '0', '42', '0', '42', '0');
INSERT INTO `t_city` VALUES ('187', '511300', '510000', '南充', '0', '39', '0', '39', '0');
INSERT INTO `t_city` VALUES ('188', '511600', '510000', '广安', '0', '30', '0', '30', '0');
INSERT INTO `t_city` VALUES ('189', '510500', '510000', '泸州', '0', '24', '0', '24', '0');
INSERT INTO `t_city` VALUES ('190', '511900', '510000', '巴中', '0', '24', '0', '24', '0');
INSERT INTO `t_city` VALUES ('191', '510700', '510000', '绵阳', '0', '22', '0', '22', '0');
INSERT INTO `t_city` VALUES ('192', '511000', '510000', '内江', '0', '22', '0', '22', '0');
INSERT INTO `t_city` VALUES ('193', '510600', '510000', '德阳', '0', '18', '0', '18', '0');
INSERT INTO `t_city` VALUES ('194', '510900', '510000', '遂宁', '0', '17', '0', '17', '0');
INSERT INTO `t_city` VALUES ('195', '510400', '510000', '攀枝花', '0', '16', '0', '16', '0');
INSERT INTO `t_city` VALUES ('196', '513400', '510000', '凉山州', '0', '13', '0', '13', '0');
INSERT INTO `t_city` VALUES ('197', '511500', '510000', '宜宾', '0', '12', '0', '12', '0');
INSERT INTO `t_city` VALUES ('198', '510300', '510000', '自贡', '0', '9', '0', '9', '0');
INSERT INTO `t_city` VALUES ('199', '511400', '510000', '眉山', '0', '8', '0', '8', '0');
INSERT INTO `t_city` VALUES ('200', '511800', '510000', '雅安', '0', '7', '0', '7', '0');
INSERT INTO `t_city` VALUES ('201', '510800', '510000', '广元', '0', '6', '0', '6', '0');
INSERT INTO `t_city` VALUES ('202', '512000', '510000', '资阳', '0', '4', '0', '4', '0');
INSERT INTO `t_city` VALUES ('203', '511100', '510000', '乐山', '0', '3', '0', '3', '0');
INSERT INTO `t_city` VALUES ('204', '513200', '510000', '阿坝州', '0', '1', '0', '1', '0');
INSERT INTO `t_city` VALUES ('205', '210200', '210000', '大连', '8', '27', '0', '19', '0');
INSERT INTO `t_city` VALUES ('206', '210100', '210000', '沈阳', '6', '35', '0', '29', '0');
INSERT INTO `t_city` VALUES ('207', '211200', '210000', '铁岭', '2', '9', '0', '7', '0');
INSERT INTO `t_city` VALUES ('208', '210300', '210000', '鞍山', '1', '5', '0', '4', '0');
INSERT INTO `t_city` VALUES ('209', '211000', '210000', '辽阳', '1', '4', '0', '3', '0');
INSERT INTO `t_city` VALUES ('210', '210700', '210000', '锦州', '0', '12', '0', '12', '0');
INSERT INTO `t_city` VALUES ('211', '211400', '210000', '葫芦岛', '0', '12', '0', '11', '1');
INSERT INTO `t_city` VALUES ('212', '210600', '210000', '丹东', '0', '11', '0', '11', '0');
INSERT INTO `t_city` VALUES ('213', '211100', '210000', '盘锦', '0', '11', '0', '11', '0');
INSERT INTO `t_city` VALUES ('214', '210900', '210000', '阜新', '0', '8', '0', '8', '0');
INSERT INTO `t_city` VALUES ('215', '211300', '210000', '朝阳', '0', '6', '0', '5', '1');
INSERT INTO `t_city` VALUES ('216', '210500', '210000', '本溪', '0', '3', '0', '3', '0');
INSERT INTO `t_city` VALUES ('217', '210800', '210000', '营口', '0', '1', '0', '1', '0');
INSERT INTO `t_city` VALUES ('218', '0', '210000', '境外输入', '-7', '0', '0', '7', '0');
INSERT INTO `t_city` VALUES ('219', '0', '530000', '境外输入', '9', '10', '0', '1', '0');
INSERT INTO `t_city` VALUES ('220', '530100', '530000', '昆明', '0', '53', '0', '53', '0');
INSERT INTO `t_city` VALUES ('221', '530600', '530000', '昭通', '0', '25', '0', '25', '0');
INSERT INTO `t_city` VALUES ('222', '532800', '530000', '西双版纳', '0', '15', '0', '14', '1');
INSERT INTO `t_city` VALUES ('223', '530400', '530000', '玉溪', '0', '14', '0', '13', '1');
INSERT INTO `t_city` VALUES ('224', '530300', '530000', '曲靖', '0', '13', '0', '13', '0');
INSERT INTO `t_city` VALUES ('225', '0', '530000', '大理州', '0', '13', '0', '13', '0');
INSERT INTO `t_city` VALUES ('226', '0', '530000', '红河州', '0', '9', '0', '9', '0');
INSERT INTO `t_city` VALUES ('227', '530500', '530000', '保山', '0', '9', '0', '9', '0');
INSERT INTO `t_city` VALUES ('228', '530700', '530000', '丽江', '0', '7', '0', '7', '0');
INSERT INTO `t_city` VALUES ('229', '0', '530000', '德宏州', '0', '5', '0', '5', '0');
INSERT INTO `t_city` VALUES ('230', '530800', '530000', '普洱', '0', '4', '0', '4', '0');
INSERT INTO `t_city` VALUES ('231', '0', '530000', '楚雄州', '0', '4', '0', '4', '0');
INSERT INTO `t_city` VALUES ('232', '0', '530000', '文山州', '0', '2', '0', '2', '0');
INSERT INTO `t_city` VALUES ('233', '530900', '530000', '临沧', '0', '1', '0', '1', '0');
INSERT INTO `t_city` VALUES ('234', '0', '130000', '境外输入', '6', '9', '0', '3', '0');
INSERT INTO `t_city` VALUES ('235', '130200', '130000', '唐山', '2', '58', '0', '55', '1');
INSERT INTO `t_city` VALUES ('236', '130900', '130000', '沧州', '0', '48', '0', '45', '3');
INSERT INTO `t_city` VALUES ('237', '130700', '130000', '张家口', '0', '41', '0', '41', '0');
INSERT INTO `t_city` VALUES ('238', '130600', '130000', '保定', '0', '32', '0', '32', '0');
INSERT INTO `t_city` VALUES ('239', '130400', '130000', '邯郸', '0', '32', '0', '32', '0');
INSERT INTO `t_city` VALUES ('240', '131000', '130000', '廊坊', '0', '30', '0', '30', '0');
INSERT INTO `t_city` VALUES ('241', '130100', '130000', '石家庄', '0', '29', '0', '29', '0');
INSERT INTO `t_city` VALUES ('242', '130500', '130000', '邢台', '0', '23', '0', '22', '1');
INSERT INTO `t_city` VALUES ('243', '130300', '130000', '秦皇岛', '0', '10', '0', '9', '1');
INSERT INTO `t_city` VALUES ('244', '131100', '130000', '衡水', '0', '8', '0', '8', '0');
INSERT INTO `t_city` VALUES ('245', '130800', '130000', '承德', '0', '7', '0', '7', '0');
INSERT INTO `t_city` VALUES ('246', '0', '610000', '境外输入', '7', '11', '0', '4', '0');
INSERT INTO `t_city` VALUES ('247', '610100', '610000', '西安', '0', '120', '0', '117', '3');
INSERT INTO `t_city` VALUES ('248', '610900', '610000', '安康', '0', '26', '0', '26', '0');
INSERT INTO `t_city` VALUES ('249', '610700', '610000', '汉中', '0', '26', '0', '26', '0');
INSERT INTO `t_city` VALUES ('250', '610400', '610000', '咸阳', '0', '17', '0', '17', '0');
INSERT INTO `t_city` VALUES ('251', '610500', '610000', '渭南', '0', '15', '0', '15', '0');
INSERT INTO `t_city` VALUES ('252', '610300', '610000', '宝鸡', '0', '13', '0', '13', '0');
INSERT INTO `t_city` VALUES ('253', '610600', '610000', '延安', '0', '8', '0', '8', '0');
INSERT INTO `t_city` VALUES ('254', '610200', '610000', '铜川', '0', '8', '0', '8', '0');
INSERT INTO `t_city` VALUES ('255', '611000', '610000', '商洛', '0', '7', '0', '7', '0');
INSERT INTO `t_city` VALUES ('256', '610800', '610000', '榆林', '0', '3', '0', '3', '0');
INSERT INTO `t_city` VALUES ('257', '610581', '610000', '韩城', '0', '1', '0', '1', '0');
INSERT INTO `t_city` VALUES ('258', '0', '610000', '杨凌', '0', '1', '0', '1', '0');
INSERT INTO `t_city` VALUES ('259', '222400', '220000', '延边', '2', '7', '1', '5', '0');
INSERT INTO `t_city` VALUES ('260', '220100', '220000', '长春', '1', '46', '1', '45', '0');
INSERT INTO `t_city` VALUES ('261', '220581', '220000', '梅河口', '1', '2', '0', '1', '0');
INSERT INTO `t_city` VALUES ('262', '220300', '220000', '四平市', '0', '15', '0', '14', '1');
INSERT INTO `t_city` VALUES ('263', '220400', '220000', '辽源', '0', '7', '0', '7', '0');
INSERT INTO `t_city` VALUES ('264', '220381', '220000', '公主岭', '0', '6', '0', '6', '0');
INSERT INTO `t_city` VALUES ('265', '220500', '220000', '通化', '0', '6', '0', '6', '0');
INSERT INTO `t_city` VALUES ('266', '220200', '220000', '吉林市', '0', '6', '0', '6', '0');
INSERT INTO `t_city` VALUES ('267', '220700', '220000', '松原', '0', '2', '0', '2', '0');
INSERT INTO `t_city` VALUES ('268', '220800', '220000', '白城', '0', '1', '0', '1', '0');
INSERT INTO `t_city` VALUES ('269', '0', '500000', '境外输入', '3', '3', '0', '0', '0');
INSERT INTO `t_city` VALUES ('270', '500101', '500000', '万州区', '0', '118', '0', '114', '4');
INSERT INTO `t_city` VALUES ('271', '500105', '500000', '江北区', '0', '28', '0', '28', '0');
INSERT INTO `t_city` VALUES ('272', '500235', '500000', '云阳县', '0', '25', '0', '25', '0');
INSERT INTO `t_city` VALUES ('273', '500117', '500000', '合川区', '0', '23', '0', '23', '0');
INSERT INTO `t_city` VALUES ('274', '500110', '500000', '綦江区', '0', '23', '0', '23', '0');
INSERT INTO `t_city` VALUES ('275', '500115', '500000', '长寿区', '0', '22', '0', '22', '0');
INSERT INTO `t_city` VALUES ('276', '500236', '500000', '奉节县', '0', '22', '0', '22', '0');
INSERT INTO `t_city` VALUES ('277', '500107', '500000', '九龙坡区', '0', '21', '0', '20', '1');
INSERT INTO `t_city` VALUES ('278', '500154', '500000', '开州区', '0', '21', '0', '20', '1');
INSERT INTO `t_city` VALUES ('279', '500233', '500000', '忠县', '0', '21', '0', '21', '0');
INSERT INTO `t_city` VALUES ('280', '500103', '500000', '渝中区', '0', '20', '0', '20', '0');
INSERT INTO `t_city` VALUES ('281', '500231', '500000', '垫江县', '0', '20', '0', '20', '0');
INSERT INTO `t_city` VALUES ('282', '500152', '500000', '潼南区', '0', '18', '0', '18', '0');
INSERT INTO `t_city` VALUES ('283', '500112', '500000', '渝北区', '0', '17', '0', '17', '0');
INSERT INTO `t_city` VALUES ('284', '-1', '500000', '两江新区', '0', '17', '0', '17', '0');
INSERT INTO `t_city` VALUES ('285', '500108', '500000', '南岸区', '0', '15', '0', '15', '0');
INSERT INTO `t_city` VALUES ('286', '500240', '500000', '石柱县', '0', '15', '0', '15', '0');
INSERT INTO `t_city` VALUES ('287', '500111', '500000', '大足区', '0', '14', '0', '14', '0');
INSERT INTO `t_city` VALUES ('288', '500238', '500000', '巫溪县', '0', '14', '0', '14', '0');
INSERT INTO `t_city` VALUES ('289', '500151', '500000', '铜梁区', '0', '10', '0', '10', '0');
INSERT INTO `t_city` VALUES ('290', '500230', '500000', '丰都县', '0', '10', '0', '10', '0');
INSERT INTO `t_city` VALUES ('291', '500237', '500000', '巫山县', '0', '10', '0', '10', '0');
INSERT INTO `t_city` VALUES ('292', '500106', '500000', '沙坪坝区', '0', '9', '0', '9', '0');
INSERT INTO `t_city` VALUES ('293', '500120', '500000', '璧山区', '0', '9', '0', '9', '0');
INSERT INTO `t_city` VALUES ('294', '500153', '500000', '荣昌区', '0', '9', '0', '9', '0');
INSERT INTO `t_city` VALUES ('295', '500104', '500000', '大渡口区', '0', '7', '0', '7', '0');
INSERT INTO `t_city` VALUES ('296', '500113', '500000', '巴南区', '0', '6', '0', '6', '0');
INSERT INTO `t_city` VALUES ('297', '500102', '500000', '涪陵区', '0', '5', '0', '5', '0');
INSERT INTO `t_city` VALUES ('298', '500118', '500000', '永川区', '0', '5', '0', '5', '0');
INSERT INTO `t_city` VALUES ('299', '500116', '500000', '江津区', '0', '4', '0', '4', '0');
INSERT INTO `t_city` VALUES ('300', '500155', '500000', '梁平区', '0', '4', '0', '4', '0');
INSERT INTO `t_city` VALUES ('301', '0', '500000', '高新区', '0', '4', '0', '4', '0');
INSERT INTO `t_city` VALUES ('302', '500114', '500000', '黔江区', '0', '2', '0', '2', '0');
INSERT INTO `t_city` VALUES ('303', '500229', '500000', '城口县', '0', '2', '0', '2', '0');
INSERT INTO `t_city` VALUES ('304', '500243', '500000', '彭水县', '0', '2', '0', '2', '0');
INSERT INTO `t_city` VALUES ('305', '500156', '500000', '武隆区', '0', '1', '0', '1', '0');
INSERT INTO `t_city` VALUES ('306', '500241', '500000', '秀山县', '0', '1', '0', '1', '0');
INSERT INTO `t_city` VALUES ('307', '0', '500000', '酉阳县', '0', '1', '0', '1', '0');
INSERT INTO `t_city` VALUES ('308', '0', '500000', '万盛经开区', '0', '1', '0', '1', '0');
INSERT INTO `t_city` VALUES ('309', '411100', '410000', '漯河', '1', '36', '0', '35', '0');
INSERT INTO `t_city` VALUES ('310', '0', '410000', '境外输入', '1', '3', '0', '2', '0');
INSERT INTO `t_city` VALUES ('311', '411500', '410000', '信阳', '0', '274', '0', '272', '2');
INSERT INTO `t_city` VALUES ('312', '410100', '410000', '郑州', '0', '157', '0', '152', '5');
INSERT INTO `t_city` VALUES ('313', '411300', '410000', '南阳', '0', '156', '0', '153', '3');
INSERT INTO `t_city` VALUES ('314', '411700', '410000', '驻马店', '0', '139', '0', '139', '0');
INSERT INTO `t_city` VALUES ('315', '411400', '410000', '商丘', '0', '91', '0', '88', '3');
INSERT INTO `t_city` VALUES ('316', '411600', '410000', '周口', '0', '76', '0', '75', '1');
INSERT INTO `t_city` VALUES ('317', '410400', '410000', '平顶山', '0', '58', '0', '57', '1');
INSERT INTO `t_city` VALUES ('318', '410700', '410000', '新乡', '0', '57', '0', '54', '3');
INSERT INTO `t_city` VALUES ('319', '410500', '410000', '安阳', '0', '53', '0', '53', '0');
INSERT INTO `t_city` VALUES ('320', '411000', '410000', '许昌', '0', '39', '0', '38', '1');
INSERT INTO `t_city` VALUES ('321', '410800', '410000', '焦作', '0', '32', '0', '31', '1');
INSERT INTO `t_city` VALUES ('322', '410300', '410000', '洛阳', '0', '31', '0', '30', '1');
INSERT INTO `t_city` VALUES ('323', '410200', '410000', '开封', '0', '26', '0', '26', '0');
INSERT INTO `t_city` VALUES ('324', '410600', '410000', '鹤壁', '0', '19', '0', '19', '0');
INSERT INTO `t_city` VALUES ('325', '410900', '410000', '濮阳', '0', '17', '0', '17', '0');
INSERT INTO `t_city` VALUES ('326', '411200', '410000', '三门峡', '0', '7', '0', '6', '1');
INSERT INTO `t_city` VALUES ('327', '419001', '410000', '济源', '0', '5', '0', '5', '0');
INSERT INTO `t_city` VALUES ('328', '0', '620000', '境外输入', '4', '47', '0', '43', '0');
INSERT INTO `t_city` VALUES ('329', '620500', '620000', '天水', '0', '12', '0', '12', '0');
INSERT INTO `t_city` VALUES ('330', '620800', '620000', '平凉', '0', '9', '0', '9', '0');
INSERT INTO `t_city` VALUES ('331', '621100', '620000', '定西', '0', '9', '0', '9', '0');
INSERT INTO `t_city` VALUES ('332', '623000', '620000', '甘南', '0', '8', '0', '8', '0');
INSERT INTO `t_city` VALUES ('333', '620400', '620000', '白银', '0', '4', '0', '4', '0');
INSERT INTO `t_city` VALUES ('334', '621200', '620000', '陇南', '0', '4', '0', '4', '0');
INSERT INTO `t_city` VALUES ('335', '621000', '620000', '庆阳', '0', '3', '0', '3', '0');
INSERT INTO `t_city` VALUES ('336', '622900', '620000', '临夏', '0', '3', '0', '3', '0');
INSERT INTO `t_city` VALUES ('337', '620700', '620000', '张掖', '0', '2', '0', '2', '0');
INSERT INTO `t_city` VALUES ('338', '620300', '620000', '金昌', '0', '1', '0', '1', '0');
INSERT INTO `t_city` VALUES ('339', '0', '620000', '省级（湖北输入）', '0', '1', '0', '1', '0');
INSERT INTO `t_city` VALUES ('340', '620100', '620000', '兰州', '-2', '36', '0', '36', '2');
INSERT INTO `t_city` VALUES ('341', '0', '430000', '境外输入', '1', '1', '0', '0', '0');
INSERT INTO `t_city` VALUES ('342', '430100', '430000', '长沙', '0', '242', '0', '240', '2');
INSERT INTO `t_city` VALUES ('343', '430600', '430000', '岳阳', '0', '156', '0', '155', '1');
INSERT INTO `t_city` VALUES ('344', '430500', '430000', '邵阳', '0', '102', '0', '101', '1');
INSERT INTO `t_city` VALUES ('345', '430700', '430000', '常德', '0', '82', '0', '82', '0');
INSERT INTO `t_city` VALUES ('346', '430200', '430000', '株洲', '0', '80', '0', '80', '0');
INSERT INTO `t_city` VALUES ('347', '431300', '430000', '娄底', '0', '76', '0', '76', '0');
INSERT INTO `t_city` VALUES ('348', '430900', '430000', '益阳', '0', '60', '0', '60', '0');
INSERT INTO `t_city` VALUES ('349', '430400', '430000', '衡阳', '0', '48', '0', '48', '0');
INSERT INTO `t_city` VALUES ('350', '431100', '430000', '永州', '0', '44', '0', '44', '0');
INSERT INTO `t_city` VALUES ('351', '431200', '430000', '怀化', '0', '40', '0', '40', '0');
INSERT INTO `t_city` VALUES ('352', '431000', '430000', '郴州', '0', '39', '0', '39', '0');
INSERT INTO `t_city` VALUES ('353', '430300', '430000', '湘潭', '0', '36', '0', '36', '0');
INSERT INTO `t_city` VALUES ('354', '433100', '430000', '湘西自治州', '0', '8', '0', '8', '0');
INSERT INTO `t_city` VALUES ('355', '430800', '430000', '张家界', '0', '5', '0', '5', '0');
INSERT INTO `t_city` VALUES ('356', '340600', '340000', '淮北', '1', '28', '0', '27', '0');
INSERT INTO `t_city` VALUES ('357', '340100', '340000', '合肥', '0', '174', '0', '173', '1');
INSERT INTO `t_city` VALUES ('358', '340300', '340000', '蚌埠', '0', '160', '0', '155', '5');
INSERT INTO `t_city` VALUES ('359', '341200', '340000', '阜阳', '0', '155', '0', '155', '0');
INSERT INTO `t_city` VALUES ('360', '341600', '340000', '亳州', '0', '108', '0', '108', '0');
INSERT INTO `t_city` VALUES ('361', '340800', '340000', '安庆', '0', '83', '0', '83', '0');
INSERT INTO `t_city` VALUES ('362', '341500', '340000', '六安', '0', '69', '0', '69', '0');
INSERT INTO `t_city` VALUES ('363', '341300', '340000', '宿州', '0', '41', '0', '41', '0');
INSERT INTO `t_city` VALUES ('364', '340500', '340000', '马鞍山', '0', '38', '0', '38', '0');
INSERT INTO `t_city` VALUES ('365', '340200', '340000', '芜湖', '0', '34', '0', '34', '0');
INSERT INTO `t_city` VALUES ('366', '340700', '340000', '铜陵', '0', '29', '0', '29', '0');
INSERT INTO `t_city` VALUES ('367', '340400', '340000', '淮南', '0', '27', '0', '27', '0');
INSERT INTO `t_city` VALUES ('368', '341700', '340000', '池州', '0', '17', '0', '17', '0');
INSERT INTO `t_city` VALUES ('369', '341100', '340000', '滁州', '0', '13', '0', '13', '0');
INSERT INTO `t_city` VALUES ('370', '341000', '340000', '黄山', '0', '9', '0', '9', '0');
INSERT INTO `t_city` VALUES ('371', '341800', '340000', '宣城', '0', '6', '0', '6', '0');
INSERT INTO `t_city` VALUES ('372', '0', '360000', '境外输入', '1', '2', '0', '1', '0');
INSERT INTO `t_city` VALUES ('373', '360100', '360000', '南昌', '0', '230', '0', '230', '0');
INSERT INTO `t_city` VALUES ('374', '360500', '360000', '新余', '0', '130', '0', '130', '0');
INSERT INTO `t_city` VALUES ('375', '361100', '360000', '上饶', '0', '123', '0', '123', '0');
INSERT INTO `t_city` VALUES ('376', '360400', '360000', '九江', '0', '118', '0', '118', '0');
INSERT INTO `t_city` VALUES ('377', '360900', '360000', '宜春', '0', '106', '0', '106', '0');
INSERT INTO `t_city` VALUES ('378', '360700', '360000', '赣州', '0', '76', '0', '75', '1');
INSERT INTO `t_city` VALUES ('379', '361000', '360000', '抚州', '0', '72', '0', '72', '0');
INSERT INTO `t_city` VALUES ('380', '360300', '360000', '萍乡', '0', '33', '0', '33', '0');
INSERT INTO `t_city` VALUES ('381', '360800', '360000', '吉安', '0', '22', '0', '22', '0');
INSERT INTO `t_city` VALUES ('382', '360600', '360000', '鹰潭', '0', '18', '0', '18', '0');
INSERT INTO `t_city` VALUES ('383', '360200', '360000', '景德镇', '0', '6', '0', '6', '0');
INSERT INTO `t_city` VALUES ('384', '0', '360000', '赣江新区', '0', '1', '0', '1', '0');
INSERT INTO `t_city` VALUES ('385', '0', '520000', '境外输入', '1', '1', '0', '0', '0');
INSERT INTO `t_city` VALUES ('386', '520100', '520000', '贵阳', '0', '36', '0', '35', '1');
INSERT INTO `t_city` VALUES ('387', '520300', '520000', '遵义', '0', '32', '0', '32', '0');
INSERT INTO `t_city` VALUES ('388', '520500', '520000', '毕节', '0', '23', '0', '23', '0');
INSERT INTO `t_city` VALUES ('389', '522700', '520000', '黔南州', '0', '17', '0', '17', '0');
INSERT INTO `t_city` VALUES ('390', '520200', '520000', '六盘水', '0', '10', '0', '9', '1');
INSERT INTO `t_city` VALUES ('391', '520600', '520000', '铜仁', '0', '10', '0', '10', '0');
INSERT INTO `t_city` VALUES ('392', '522600', '520000', '黔东南州', '0', '10', '0', '10', '0');
INSERT INTO `t_city` VALUES ('393', '520400', '520000', '安顺', '0', '4', '0', '4', '0');
INSERT INTO `t_city` VALUES ('394', '522300', '520000', '黔西南州', '0', '4', '0', '4', '0');
INSERT INTO `t_city` VALUES ('395', '450100', '450000', '南宁', '0', '55', '0', '55', '0');
INSERT INTO `t_city` VALUES ('396', '450500', '450000', '北海', '0', '44', '0', '43', '1');
INSERT INTO `t_city` VALUES ('397', '450300', '450000', '桂林', '0', '32', '0', '32', '0');
INSERT INTO `t_city` VALUES ('398', '451200', '450000', '河池', '0', '28', '0', '27', '1');
INSERT INTO `t_city` VALUES ('399', '450200', '450000', '柳州', '0', '24', '0', '24', '0');
INSERT INTO `t_city` VALUES ('400', '450600', '450000', '防城港', '0', '19', '0', '19', '0');
INSERT INTO `t_city` VALUES ('401', '450900', '450000', '玉林', '0', '11', '0', '11', '0');
INSERT INTO `t_city` VALUES ('402', '451300', '450000', '来宾', '0', '11', '0', '11', '0');
INSERT INTO `t_city` VALUES ('403', '450700', '450000', '钦州', '0', '8', '0', '8', '0');
INSERT INTO `t_city` VALUES ('404', '450800', '450000', '贵港', '0', '8', '0', '8', '0');
INSERT INTO `t_city` VALUES ('405', '450400', '450000', '梧州', '0', '5', '0', '5', '0');
INSERT INTO `t_city` VALUES ('406', '451100', '450000', '贺州', '0', '4', '0', '4', '0');
INSERT INTO `t_city` VALUES ('407', '451000', '450000', '百色', '0', '3', '0', '3', '0');
INSERT INTO `t_city` VALUES ('408', '0', '450000', '境外输入', '0', '2', '0', '2', '0');
INSERT INTO `t_city` VALUES ('409', '460200', '460000', '三亚', '0', '54', '0', '53', '1');
INSERT INTO `t_city` VALUES ('410', '460100', '460000', '海口', '0', '39', '0', '39', '0');
INSERT INTO `t_city` VALUES ('411', '460400', '460000', '儋州', '0', '15', '0', '14', '1');
INSERT INTO `t_city` VALUES ('412', '469006', '460000', '万宁', '0', '13', '0', '13', '0');
INSERT INTO `t_city` VALUES ('413', '469023', '460000', '澄迈', '0', '9', '0', '8', '1');
INSERT INTO `t_city` VALUES ('414', '469026', '460000', '昌江', '0', '7', '0', '7', '0');
INSERT INTO `t_city` VALUES ('415', '469002', '460000', '琼海', '0', '6', '0', '5', '1');
INSERT INTO `t_city` VALUES ('416', '469024', '460000', '临高', '0', '6', '0', '6', '0');
INSERT INTO `t_city` VALUES ('417', '469028', '460000', '陵水', '0', '4', '0', '4', '0');
INSERT INTO `t_city` VALUES ('418', '469021', '460000', '定安', '0', '3', '0', '2', '1');
INSERT INTO `t_city` VALUES ('419', '469005', '460000', '文昌', '0', '3', '0', '3', '0');
INSERT INTO `t_city` VALUES ('420', '469007', '460000', '东方', '0', '3', '0', '2', '1');
INSERT INTO `t_city` VALUES ('421', '469029', '460000', '保亭', '0', '3', '0', '3', '0');
INSERT INTO `t_city` VALUES ('422', '469027', '460000', '乐东', '0', '2', '0', '2', '0');
INSERT INTO `t_city` VALUES ('423', '469030', '460000', '琼中', '0', '1', '0', '1', '0');
INSERT INTO `t_city` VALUES ('424', '650100', '650000', '乌鲁木齐', '0', '23', '0', '23', '0');
INSERT INTO `t_city` VALUES ('425', '654000', '650000', '伊犁州', '0', '18', '0', '18', '0');
INSERT INTO `t_city` VALUES ('426', '0', '650000', '兵团第四师', '0', '10', '0', '9', '1');
INSERT INTO `t_city` VALUES ('427', '0', '650000', '兵团第八师石河子市', '0', '4', '0', '3', '1');
INSERT INTO `t_city` VALUES ('428', '0', '650000', '兵团第九师', '0', '4', '0', '3', '1');
INSERT INTO `t_city` VALUES ('429', '0', '650000', '昌吉州', '0', '4', '0', '4', '0');
INSERT INTO `t_city` VALUES ('430', '650400', '650000', '吐鲁番市', '0', '3', '0', '3', '0');
INSERT INTO `t_city` VALUES ('431', '511902', '650000', '巴州', '0', '3', '0', '3', '0');
INSERT INTO `t_city` VALUES ('432', '0', '650000', '兵团第十二师', '0', '3', '0', '3', '0');
INSERT INTO `t_city` VALUES ('433', '0', '650000', '兵团第六师五家渠市', '0', '2', '0', '2', '0');
INSERT INTO `t_city` VALUES ('434', '0', '650000', '兵团第七师', '0', '1', '0', '1', '0');
INSERT INTO `t_city` VALUES ('435', '652900', '650000', '阿克苏地区', '0', '1', '0', '1', '0');
INSERT INTO `t_city` VALUES ('436', '640100', '640000', '银川', '0', '36', '0', '36', '0');
INSERT INTO `t_city` VALUES ('437', '640300', '640000', '吴忠', '0', '28', '0', '28', '0');
INSERT INTO `t_city` VALUES ('438', '640400', '640000', '固原', '0', '5', '0', '5', '0');
INSERT INTO `t_city` VALUES ('439', '640500', '640000', '中卫', '0', '4', '0', '4', '0');
INSERT INTO `t_city` VALUES ('440', '0', '640000', '宁东', '0', '1', '0', '1', '0');
INSERT INTO `t_city` VALUES ('441', '640200', '640000', '石嘴山', '0', '1', '0', '1', '0');
INSERT INTO `t_city` VALUES ('442', '630100', '630000', '西宁', '0', '15', '0', '15', '0');
INSERT INTO `t_city` VALUES ('443', '632200', '630000', '海北州', '0', '3', '0', '3', '0');
INSERT INTO `t_city` VALUES ('444', '540100', '540000', '拉萨', '0', '1', '0', '1', '0');

-- ----------------------------
-- Table structure for t_province
-- ----------------------------
DROP TABLE IF EXISTS `t_province`;
CREATE TABLE `t_province` (
  `location_id` int(11) NOT NULL COMMENT '省id',
  `province_name` varchar(255) DEFAULT NULL COMMENT '省名称',
  `province_short_name` varchar(255) DEFAULT NULL COMMENT '省简称',
  `current_confirmed_count` int(255) DEFAULT NULL COMMENT '现存确诊',
  `confirmed_count` int(255) DEFAULT NULL COMMENT '累计确诊',
  `suspected_count` int(255) DEFAULT NULL COMMENT '境外输入',
  `cured_count` int(255) DEFAULT NULL COMMENT '累计治愈',
  `dead_count` int(255) DEFAULT NULL COMMENT '累计死亡',
  `comment` varchar(1000) DEFAULT NULL COMMENT '特别说明',
  `statistics_data` varchar(255) DEFAULT NULL COMMENT '统计数据',
  PRIMARY KEY (`location_id`)
) ENGINE=InnoDB DEFAULT CHARSET=utf8 ROW_FORMAT=DYNAMIC;

-- ----------------------------
-- Records of t_province
-- ----------------------------
INSERT INTO `t_province` VALUES ('110000', '北京市', '北京', '116', '588', '164', '464', '8', '北京卫健委未明确大部分治愈与死亡病例的分区归属，因此北京市下辖分区的现存确诊暂无法获取。', 'https://file1.dxycdn.com/2020/0223/004/3398299758115524169-135.json');
INSERT INTO `t_province` VALUES ('120000', '天津市', '天津', '27', '182', '0', '152', '3', '', 'https://file1.dxycdn.com/2020/0223/669/3398299753820555949-135.json');
INSERT INTO `t_province` VALUES ('130000', '河北省', '河北', '8', '327', '0', '313', '6', '', 'https://file1.dxycdn.com/2020/0223/473/3398299751673487477-135.json');
INSERT INTO `t_province` VALUES ('140000', '山西省', '山西', '32', '166', '5', '134', '0', '', 'https://file1.dxycdn.com/2020/0223/196/3398299755968040081-135.json');
INSERT INTO `t_province` VALUES ('150000', '内蒙古自治区', '内蒙古', '46', '126', '0', '79', '1', '', 'https://file1.dxycdn.com/2020/0223/783/3398299758115938727-135.json');
INSERT INTO `t_province` VALUES ('210000', '辽宁省', '辽宁', '11', '144', '0', '131', '2', '现存确诊病例均为境外输入病例', 'https://file1.dxycdn.com/2020/0223/815/3398299758115938736-135.json');
INSERT INTO `t_province` VALUES ('220000', '吉林省', '吉林', '4', '98', '2', '93', '1', '', 'https://file1.dxycdn.com/2020/0223/046/3398299755968039975-135.json');
INSERT INTO `t_province` VALUES ('230000', '黑龙江省', '黑龙江', '126', '609', '0', '470', '13', '', 'https://file1.dxycdn.com/2020/0223/643/3398299753820971199-135.json');
INSERT INTO `t_province` VALUES ('310000', '上海市', '上海', '123', '552', '19', '422', '7', '因未公布分区死亡和治愈，仅展示累计确诊和现存确诊', 'https://file1.dxycdn.com/2020/0223/128/3398299755968454977-135.json');
INSERT INTO `t_province` VALUES ('320000', '江苏省', '江苏', '18', '651', '3', '633', '0', '', 'https://file1.dxycdn.com/2020/0223/111/3398299753820971290-135.json');
INSERT INTO `t_province` VALUES ('330000', '浙江省', '浙江', '31', '1267', '3', '1235', '1', '2月10日通报核减的12例在浙江省治愈的外省病例，根据国家最新要求重新纳入累计病例。', 'https://file1.dxycdn.com/2020/0223/537/3398299755968455045-135.json');
INSERT INTO `t_province` VALUES ('340000', '安徽省', '安徽', '1', '991', '0', '984', '6', '', 'https://file1.dxycdn.com/2020/0223/734/3398299753820971301-135.json');
INSERT INTO `t_province` VALUES ('350000', '福建省', '福建', '42', '351', '3', '308', '1', '', 'https://file1.dxycdn.com/2020/0223/744/3398299751673071813-135.json');
INSERT INTO `t_province` VALUES ('360000', '江西省', '江西', '1', '937', '0', '935', '1', '', 'https://file1.dxycdn.com/2020/0223/161/3398299751673072165-135.json');
INSERT INTO `t_province` VALUES ('370000', '山东省', '山东', '20', '783', '14', '756', '7', '', 'https://file1.dxycdn.com/2020/0223/601/3398299749526003726-135.json');
INSERT INTO `t_province` VALUES ('410000', '河南省', '河南', '2', '1276', '0', '1252', '22', '', 'https://file1.dxycdn.com/2020/0223/958/3398299751673487456-135.json');
INSERT INTO `t_province` VALUES ('420000', '湖北省', '湖北', '401', '67803', '0', '64187', '3215', '4.2无症状感染者721例', 'https://file1.dxycdn.com/2020/0223/618/3398299751673487511-135.json');
INSERT INTO `t_province` VALUES ('430000', '湖南省', '湖南', '1', '1019', '0', '1014', '4', '', 'https://file1.dxycdn.com/2020/0223/440/3398299751673072079-135.json');
INSERT INTO `t_province` VALUES ('440000', '广东省', '广东', '108', '1539', '11', '1423', '8', '深圳：确诊病例含34例境外输入病例；广州：确诊病例含83例境外输入病例；中山：确诊病例含2例境外输入病例；东莞：确诊病例含1例境外输入病例；佛山：确诊病例含9例境外输入病例；梅州：确诊病例含1例境外输入病例；肇庆：确诊病例含1例境外输入病例；珠海：确诊病例含5例境外输入病例；揭阳：确诊病例含1例境外输入病例；湛江：确诊病例含2例境外输入病例；潮州：确诊病例含1例境外输入病例。', 'https://file1.dxycdn.com/2020/0223/281/3398299758115524068-135.json');
INSERT INTO `t_province` VALUES ('450000', '广西壮族自治区', '广西', '0', '254', '0', '252', '2', '', 'https://file1.dxycdn.com/2020/0223/536/3398299758115523880-135.json');
INSERT INTO `t_province` VALUES ('460000', '海南省', '海南', '0', '168', '0', '162', '6', '', 'https://file1.dxycdn.com/2020/0223/126/3398299753820555862-135.json');
INSERT INTO `t_province` VALUES ('500000', '重庆市', '重庆', '3', '579', '1', '570', '6', '', 'https://file1.dxycdn.com/2020/0223/368/3398299751673487486-135.json');
INSERT INTO `t_province` VALUES ('510000', '四川省', '四川', '16', '560', '13', '541', '3', '成都市包含所有境外输入病例16例', 'https://file1.dxycdn.com/2020/0223/926/3398299755968455035-135.json');
INSERT INTO `t_province` VALUES ('520000', '贵州省', '贵州', '1', '147', '0', '144', '2', '3月17日贵阳市新增1例境外输入无症状感染者', 'https://file1.dxycdn.com/2020/0223/148/3398299753820971243-135.json');
INSERT INTO `t_province` VALUES ('530000', '云南省', '云南', '9', '184', '0', '173', '2', '', 'https://file1.dxycdn.com/2020/0223/159/3398299758115523929-135.json');
INSERT INTO `t_province` VALUES ('540000', '西藏自治区', '西藏', '0', '1', '0', '1', '0', '', 'https://file1.dxycdn.com/2020/0223/353/3398299755968039885-135.json');
INSERT INTO `t_province` VALUES ('610000', '陕西省', '陕西', '7', '256', '1', '246', '3', '', 'https://file1.dxycdn.com/2020/0223/857/3398299753820971228-135.json');
INSERT INTO `t_province` VALUES ('620000', '甘肃省', '甘肃', '2', '139', '0', '135', '2', '', 'https://file1.dxycdn.com/2020/0223/559/3398299755968040166-135.json');
INSERT INTO `t_province` VALUES ('630000', '青海省', '青海', '0', '18', '0', '18', '0', '', 'https://file1.dxycdn.com/2020/0223/581/3398299758115524121-135.json');
INSERT INTO `t_province` VALUES ('640000', '宁夏回族自治区', '宁夏', '0', '75', '0', '75', '0', '', 'https://file1.dxycdn.com/2020/0223/353/3398299755968455019-135.json');
INSERT INTO `t_province` VALUES ('650000', '新疆维吾尔自治区', '新疆', '0', '76', '0', '73', '3', '', 'https://file1.dxycdn.com/2020/0223/497/3398299753820556085-135.json');
INSERT INTO `t_province` VALUES ('710000', '台湾', '台湾', '308', '380', '10', '67', '5', '', 'https://file1.dxycdn.com/2020/0223/045/3398299749526003760-135.json');
INSERT INTO `t_province` VALUES ('810000', '香港', '香港', '676', '973', '24', '293', '4', '', 'https://file1.dxycdn.com/2020/0223/331/3398299755968040033-135.json');
INSERT INTO `t_province` VALUES ('820000', '澳门', '澳门', '35', '45', '9', '10', '0', '确诊病例中含9例境外输入病例', 'https://file1.dxycdn.com/2020/0223/840/3398299753820971267-135.json');

-- ----------------------------
-- Table structure for t_statistics
-- ----------------------------
DROP TABLE IF EXISTS `t_statistics`;
CREATE TABLE `t_statistics` (
  `id` int(11) NOT NULL AUTO_INCREMENT COMMENT '主键id',
  `create_time` datetime DEFAULT NULL COMMENT '创建时间',
  `modify_time` datetime DEFAULT NULL COMMENT '修改时间',
  `infect_source` varchar(50) DEFAULT NULL COMMENT '传染源',
  `pass_way` varchar(100) DEFAULT NULL COMMENT '通过',
  `img_url` varchar(255) DEFAULT NULL COMMENT '图片路径',
  `daily_pic` varchar(1000) DEFAULT NULL COMMENT '每日图片',
  `summary` varchar(50) DEFAULT NULL COMMENT '总结',
  `deleted` tinyint(1) DEFAULT NULL COMMENT '逻辑删除0为false，1为true',
  `count_remark` varchar(100) DEFAULT NULL COMMENT '计数备注',
  `current_confirmed_count` int(11) DEFAULT NULL COMMENT '现存确诊',
  `confirmed_count` int(11) DEFAULT NULL COMMENT '累计确诊',
  `suspected_count` int(11) DEFAULT NULL COMMENT '境外输入',
  `cured_count` int(11) DEFAULT NULL COMMENT '累计治愈',
  `dead_count` int(11) DEFAULT NULL COMMENT '累计死亡',
  `serious_count` int(11) DEFAULT NULL COMMENT '现存无症状',
  `virus` varchar(50) DEFAULT NULL COMMENT '该字段已替换为说明1',
  `remark1` varchar(100) DEFAULT NULL COMMENT '备注1',
  `remark2` varchar(100) DEFAULT NULL COMMENT '备注2',
  `remark3` varchar(100) DEFAULT NULL COMMENT '备注3',
  `remark4` varchar(100) DEFAULT NULL COMMENT '备注4',
  `remark5` varchar(100) DEFAULT NULL COMMENT '备注5',
  `note1` varchar(50) DEFAULT NULL COMMENT '笔记1',
  `note2` varchar(50) DEFAULT NULL COMMENT '笔记2',
  `note3` varchar(50) DEFAULT NULL COMMENT '笔记3',
  PRIMARY KEY (`id`)
) ENGINE=InnoDB AUTO_INCREMENT=3 DEFAULT CHARSET=utf8;

-- ----------------------------
-- Records of t_statistics
-- ----------------------------
INSERT INTO `t_statistics` VALUES ('1', '2020-01-21 00:31:39', '2020-04-08 00:10:00', '该字段已替换为说明2', '该字段已替换为说明3', 'https://img1.dxycdn.com/2020/0201/450/3394153392393266839-135.png', 'https://img1.dxycdn.com/2020/0211/763/3395998884005602079-135.png,https://img1.dxycdn.com/2020/0211/362/3395998896890788910-135.png,https://img1.dxycdn.com/2020/0211/365/3395998905480724211-135.png,https://img1.dxycdn.com/2020/0211/364/3395998916217859778-135.png,https://img1.dxycdn.com/2020/0211/922/3395998929103046444-135.png,https://img1.dxycdn.com/2020/0211/089/3395998939840182072-135.png', '', '0', '', '2220', '83189', '1042', '77627', '3342', '1095', '该字段已替换为说明1', '易感人群：人群普遍易感。老年人及有基础疾病者感染后病情较重，儿童及婴幼儿也有发病', '潜伏期：一般为3～7天，最长不超过14天，潜伏期内可能存在传染性，其中无症状病例传染性非常罕见', '宿主：野生动物，可能为中华菊头蝠', '', '', '病毒：SARS-CoV-2，其导致疾病命名COVID-19', '传染源：新冠肺炎的患者。无症状感染者也可能成为传染源。', '传播途径：经呼吸道飞沫、接触传播是主要的传播途径。气溶胶传播和消化道等传播途径尚待明确。');
INSERT INTO `t_statistics` VALUES ('2', '2020-01-21 00:31:39', '2020-04-09 17:30:00', '该字段已替换为说明2', '该字段已替换为说明3', 'https://img1.dxycdn.com/2020/0201/450/3394153392393266839-135.png', 'https://img1.dxycdn.com/2020/0211/763/3395998884005602079-135.png,https://img1.dxycdn.com/2020/0211/362/3395998896890788910-135.png,https://img1.dxycdn.com/2020/0211/365/3395998905480724211-135.png,https://img1.dxycdn.com/2020/0211/364/3395998916217859778-135.png,https://img1.dxycdn.com/2020/0211/922/3395998929103046444-135.png,https://img1.dxycdn.com/2020/0211/089/3395998939840182072-135.png', '', '0', '', '2175', '83264', '1103', '77745', '3344', '1104', '该字段已替换为说明1', '易感人群：人群普遍易感。老年人及有基础疾病者感染后病情较重，儿童及婴幼儿也有发病', '潜伏期：一般为3～7天，最长不超过14天，潜伏期内可能存在传染性，其中无症状病例传染性非常罕见', '宿主：野生动物，可能为中华菊头蝠', '', '', '病毒：SARS-CoV-2，其导致疾病命名COVID-19', '传染源：新冠肺炎的患者。无症状感染者也可能成为传染源。', '传播途径：经呼吸道飞沫、接触传播是主要的传播途径。气溶胶传播和消化道等传播途径尚待明确。');

-- ----------------------------
-- Table structure for t_timeline
-- ----------------------------
DROP TABLE IF EXISTS `t_timeline`;
CREATE TABLE `t_timeline` (
  `id` int(11) NOT NULL AUTO_INCREMENT,
  `pub_date` bigint(20) DEFAULT NULL COMMENT '出版日期时间戳',
  `pub_date_str` varchar(255) DEFAULT NULL COMMENT '发布日期字符串',
  `title` varchar(255) DEFAULT NULL COMMENT '标题',
  `summary` varchar(1000) DEFAULT NULL COMMENT '总结',
  `info_source` varchar(255) DEFAULT NULL COMMENT '信息源',
  `source_url` varchar(1000) DEFAULT NULL COMMENT '资源链接',
  PRIMARY KEY (`id`)
) ENGINE=InnoDB AUTO_INCREMENT=6 DEFAULT CHARSET=utf8 ROW_FORMAT=DYNAMIC;

-- ----------------------------
-- Records of t_timeline
-- ----------------------------
INSERT INTO `t_timeline` VALUES ('1', '1586419152000', '1小时前', '俄罗斯累计确诊新冠肺炎病例破万新增1459例', '据俄罗斯新冠病毒防疫官网发布的信息，截至莫斯科时间4月9日10时45分，过去24小时内，俄罗斯境内新增1459例新冠肺炎感染病例，全俄共累计确诊例10131，其中莫斯科累计确诊6698例，为全俄疫情最严重的地区。截至目前共治愈病例698人，累计死亡76人。', '央视新闻app', 'http://app.cctv.com/special/cportal/detail/arti/index.html?id=Artii5P8GoaKqHhISY5xryeS200409&isfromapp=1');
INSERT INTO `t_timeline` VALUES ('2', '1586418043000', '1小时前', '天津新增报告1例境外输入确诊病例', '4月9日6时至12时，天津无新增报告本地新冠肺炎确诊病例。新增报告1例境外输入确诊病例（中国籍），累计报告境外输入确诊病例46例（中国籍42例、美国籍2例、法国籍1例、菲律宾籍1例），治愈出院19例，在院27例（危重型1例、普通型17例、轻型7例、待分型2例）。', '天津卫健委', 'http://wsjk.tj.gov.cn/art/2020/4/9/art_87_73094.html');
INSERT INTO `t_timeline` VALUES ('3', '1586415111000', '2小时前', '上海有5例确诊病例今日出院，共计422例治愈出院', '上海市卫生健康委今日（9日）通报：5例新型冠状病毒肺炎病例，经定点医疗机构医护人员精心诊治和护理，专家组评估，认为符合国家卫生健康委最新的新型冠状病毒肺炎确诊病例解除隔离和出院标准，于今日出院。为做好出院患者的健康管理，卫生健康部门将对患者开展必要的随访观察。 \n', '上海卫健委', 'http://wsjkw.sh.gov.cn/xwfb/20200409/b44253ee4b5f49119bf4d822d67a5e1c.html');
INSERT INTO `t_timeline` VALUES ('4', '1586408646000', '4小时前', '美媒：最新研究显示纽约疫情主要为欧洲输入', '《纽约时报》8日报道，最新的基因研究表明，新冠病毒早在2月中旬就开始在纽约地区传播，即首个确诊病例出现前的几周，主要是来自欧洲的旅行者带来了病毒，而非来自亚洲。纽约西奈山伊坎医学院和纽约大学格罗斯曼医学院的两个团队，研究了不同的病例，都得出了相似结论。\n', '央视新闻', 'http://m.weibo.cn/2656274875/4491785780854290');
INSERT INTO `t_timeline` VALUES ('5', '1586402413000', '5小时前', '印度新冠肺炎确诊升至5734例', '据央视，印度卫生部当地时间9日早8点发布消息，印度新冠肺炎确诊病例达到5734人，其中死亡病例166人，治愈出院473人。\n', '人民日报', 'http://m.weibo.cn/2803301701/4491759637827106');
