/*
Navicat MySQL Data Transfer

Source Server         : MySQL
Source Server Version : 50720
Source Host           : localhost:3306
Source Database       : ncov

Target Server Type    : MYSQL
Target Server Version : 50720
File Encoding         : 65001

Date: 2020-04-04 13:26:01
*/

SET FOREIGN_KEY_CHECKS=0;

-- ----------------------------
-- Table structure for t_city
-- ----------------------------
DROP TABLE IF EXISTS `t_city`;
CREATE TABLE `t_city` (
  `id` int(11) NOT NULL AUTO_INCREMENT,
  `location_id` int(11) DEFAULT NULL COMMENT '城市id',
  `province_location_id` int(11) DEFAULT NULL COMMENT '直属的省id',
  `city_name` varchar(255) DEFAULT NULL COMMENT '城市名称',
  `current_confirmed_count` int(255) DEFAULT NULL COMMENT '现存确诊',
  `confirmed_count` int(255) DEFAULT NULL COMMENT '累计确诊',
  `suspected_count` int(255) DEFAULT NULL COMMENT '境外输入',
  `cured_count` int(255) DEFAULT NULL COMMENT '累计治愈',
  `dead_count` int(255) DEFAULT NULL COMMENT '累计死亡',
  PRIMARY KEY (`id`)
) ENGINE=InnoDB AUTO_INCREMENT=443 DEFAULT CHARSET=utf8 ROW_FORMAT=DYNAMIC;

-- ----------------------------
-- Records of t_city
-- ----------------------------
INSERT INTO `t_city` VALUES ('1', '420100', '420000', '武汉', '830', '50008', '0', '46611', '2567');
INSERT INTO `t_city` VALUES ('2', '420900', '420000', '孝感', '1', '3518', '0', '3389', '128');
INSERT INTO `t_city` VALUES ('3', '420600', '420000', '襄阳', '1', '1175', '0', '1135', '39');
INSERT INTO `t_city` VALUES ('4', '420500', '420000', '宜昌', '1', '931', '0', '894', '36');
INSERT INTO `t_city` VALUES ('5', '429004', '420000', '仙桃', '1', '575', '0', '552', '22');
INSERT INTO `t_city` VALUES ('6', '421100', '420000', '黄冈', '0', '2907', '0', '2782', '125');
INSERT INTO `t_city` VALUES ('7', '421000', '420000', '荆州', '0', '1580', '0', '1528', '52');
INSERT INTO `t_city` VALUES ('8', '420700', '420000', '鄂州', '0', '1394', '0', '1335', '59');
INSERT INTO `t_city` VALUES ('9', '421300', '420000', '随州', '0', '1307', '0', '1262', '45');
INSERT INTO `t_city` VALUES ('10', '420200', '420000', '黄石', '0', '1015', '0', '976', '39');
INSERT INTO `t_city` VALUES ('11', '420800', '420000', '荆门', '0', '928', '0', '887', '41');
INSERT INTO `t_city` VALUES ('12', '421200', '420000', '咸宁', '0', '836', '0', '821', '15');
INSERT INTO `t_city` VALUES ('13', '420300', '420000', '十堰', '0', '672', '0', '664', '8');
INSERT INTO `t_city` VALUES ('14', '429006', '420000', '天门', '0', '496', '0', '481', '15');
INSERT INTO `t_city` VALUES ('15', '422800', '420000', '恩施州', '0', '252', '0', '245', '7');
INSERT INTO `t_city` VALUES ('16', '429005', '420000', '潜江', '0', '198', '0', '189', '9');
INSERT INTO `t_city` VALUES ('17', '429021', '420000', '神农架林区', '0', '11', '0', '11', '0');
INSERT INTO `t_city` VALUES ('18', '0', '310000', '境外输入', '169', '190', '0', '21', '0');
INSERT INTO `t_city` VALUES ('19', '0', '310000', '外地来沪', '4', '111', '0', '107', '0');
INSERT INTO `t_city` VALUES ('20', '310113', '310000', '宝山区', '2', '22', '0', '19', '1');
INSERT INTO `t_city` VALUES ('21', '310114', '310000', '嘉定区', '1', '9', '0', '7', '1');
INSERT INTO `t_city` VALUES ('22', '310115', '310000', '浦东新区', '0', '61', '0', '60', '1');
INSERT INTO `t_city` VALUES ('23', '310112', '310000', '闵行区', '0', '19', '0', '19', '0');
INSERT INTO `t_city` VALUES ('24', '310104', '310000', '徐汇区', '0', '18', '0', '17', '1');
INSERT INTO `t_city` VALUES ('25', '310106', '310000', '静安区', '0', '16', '0', '15', '1');
INSERT INTO `t_city` VALUES ('26', '310117', '310000', '松江区', '0', '14', '0', '14', '0');
INSERT INTO `t_city` VALUES ('27', '310105', '310000', '长宁区', '0', '13', '0', '13', '0');
INSERT INTO `t_city` VALUES ('28', '310107', '310000', '普陀区', '0', '11', '0', '11', '0');
INSERT INTO `t_city` VALUES ('29', '310110', '310000', '杨浦区', '0', '9', '0', '9', '0');
INSERT INTO `t_city` VALUES ('30', '310120', '310000', '奉贤区', '0', '9', '0', '9', '0');
INSERT INTO `t_city` VALUES ('31', '310109', '310000', '虹口区', '0', '7', '0', '7', '0');
INSERT INTO `t_city` VALUES ('32', '310101', '310000', '黄浦区', '0', '6', '0', '6', '0');
INSERT INTO `t_city` VALUES ('33', '310118', '310000', '青浦区', '0', '6', '0', '6', '0');
INSERT INTO `t_city` VALUES ('34', '310116', '310000', '金山区', '0', '4', '0', '4', '0');
INSERT INTO `t_city` VALUES ('35', '310151', '310000', '崇明区', '0', '4', '0', '4', '0');
INSERT INTO `t_city` VALUES ('36', '0', '310000', '待明确地区', '-1', '0', '0', '0', '1');
INSERT INTO `t_city` VALUES ('37', '0', '110000', '境外输入', '131', '169', '2', '38', '0');
INSERT INTO `t_city` VALUES ('38', '110105', '110000', '朝阳区', '72', '72', '0', '0', '0');
INSERT INTO `t_city` VALUES ('39', '110108', '110000', '海淀区', '64', '64', '0', '0', '0');
INSERT INTO `t_city` VALUES ('40', '110102', '110000', '西城区', '53', '53', '0', '0', '0');
INSERT INTO `t_city` VALUES ('41', '110106', '110000', '丰台区', '40', '43', '0', '3', '0');
INSERT INTO `t_city` VALUES ('42', '110115', '110000', '大兴区', '23', '39', '0', '16', '0');
INSERT INTO `t_city` VALUES ('43', '0', '110000', '外地来京', '23', '25', '0', '2', '0');
INSERT INTO `t_city` VALUES ('44', '110114', '110000', '昌平区', '19', '29', '0', '10', '0');
INSERT INTO `t_city` VALUES ('45', '110112', '110000', '通州区', '18', '19', '0', '1', '0');
INSERT INTO `t_city` VALUES ('46', '110111', '110000', '房山区', '13', '16', '0', '3', '0');
INSERT INTO `t_city` VALUES ('47', '110101', '110000', '东城区', '13', '14', '0', '1', '0');
INSERT INTO `t_city` VALUES ('48', '110116', '110000', '怀柔区', '7', '7', '0', '0', '0');
INSERT INTO `t_city` VALUES ('49', '110118', '110000', '密云区', '7', '7', '0', '0', '0');
INSERT INTO `t_city` VALUES ('50', '110107', '110000', '石景山区', '5', '14', '0', '9', '0');
INSERT INTO `t_city` VALUES ('51', '110109', '110000', '门头沟区', '1', '3', '0', '2', '0');
INSERT INTO `t_city` VALUES ('52', '110119', '110000', '延庆区', '1', '1', '0', '0', '0');
INSERT INTO `t_city` VALUES ('53', '110113', '110000', '顺义区', '0', '10', '0', '10', '0');
INSERT INTO `t_city` VALUES ('54', '0', '110000', '待明确地区', '-351', '0', '0', '343', '8');
INSERT INTO `t_city` VALUES ('55', '440100', '440000', '广州', '99', '451', '6', '351', '1');
INSERT INTO `t_city` VALUES ('56', '440300', '440000', '深圳', '34', '453', '1', '416', '3');
INSERT INTO `t_city` VALUES ('57', '440600', '440000', '佛山', '11', '95', '1', '84', '0');
INSERT INTO `t_city` VALUES ('58', '440400', '440000', '珠海', '5', '103', '1', '97', '1');
INSERT INTO `t_city` VALUES ('59', '440800', '440000', '湛江', '2', '24', '2', '22', '0');
INSERT INTO `t_city` VALUES ('60', '440500', '440000', '汕头', '1', '26', '0', '25', '0');
INSERT INTO `t_city` VALUES ('61', '441200', '440000', '肇庆', '1', '20', '0', '18', '1');
INSERT INTO `t_city` VALUES ('62', '441400', '440000', '梅州', '1', '17', '0', '16', '0');
INSERT INTO `t_city` VALUES ('63', '445200', '440000', '揭阳', '1', '9', '0', '8', '0');
INSERT INTO `t_city` VALUES ('64', '445100', '440000', '潮州', '1', '6', '0', '5', '0');
INSERT INTO `t_city` VALUES ('65', '441900', '440000', '东莞', '0', '100', '0', '99', '1');
INSERT INTO `t_city` VALUES ('66', '442000', '440000', '中山', '0', '68', '0', '68', '0');
INSERT INTO `t_city` VALUES ('67', '441300', '440000', '惠州', '0', '62', '0', '62', '0');
INSERT INTO `t_city` VALUES ('68', '440700', '440000', '江门', '0', '23', '0', '23', '0');
INSERT INTO `t_city` VALUES ('69', '441700', '440000', '阳江', '0', '14', '0', '14', '0');
INSERT INTO `t_city` VALUES ('70', '440900', '440000', '茂名', '0', '14', '0', '14', '0');
INSERT INTO `t_city` VALUES ('71', '441800', '440000', '清远', '0', '12', '0', '12', '0');
INSERT INTO `t_city` VALUES ('72', '440200', '440000', '韶关', '0', '10', '0', '9', '1');
INSERT INTO `t_city` VALUES ('73', '441500', '440000', '汕尾', '0', '5', '0', '5', '0');
INSERT INTO `t_city` VALUES ('74', '441600', '440000', '河源', '0', '4', '0', '4', '0');
INSERT INTO `t_city` VALUES ('75', '0', '440000', '待明确地区', '-26', '0', '0', '26', '0');
INSERT INTO `t_city` VALUES ('76', '0', '350000', '境外输入人员', '48', '54', '1', '6', '0');
INSERT INTO `t_city` VALUES ('77', '350100', '350000', '福州', '0', '72', '0', '71', '1');
INSERT INTO `t_city` VALUES ('78', '350300', '350000', '莆田', '0', '56', '0', '56', '0');
INSERT INTO `t_city` VALUES ('79', '350500', '350000', '泉州', '0', '47', '0', '47', '0');
INSERT INTO `t_city` VALUES ('80', '350200', '350000', '厦门', '0', '35', '0', '35', '0');
INSERT INTO `t_city` VALUES ('81', '350900', '350000', '宁德', '0', '26', '0', '26', '0');
INSERT INTO `t_city` VALUES ('82', '350600', '350000', '漳州', '0', '20', '0', '20', '0');
INSERT INTO `t_city` VALUES ('83', '350700', '350000', '南平', '0', '20', '0', '20', '0');
INSERT INTO `t_city` VALUES ('84', '350400', '350000', '三明', '0', '14', '0', '14', '0');
INSERT INTO `t_city` VALUES ('85', '350800', '350000', '龙岩', '0', '6', '0', '6', '0');
INSERT INTO `t_city` VALUES ('86', '0', '150000', '境外输入人员', '42', '42', '0', '0', '0');
INSERT INTO `t_city` VALUES ('87', '150600', '150000', '鄂尔多斯', '0', '11', '0', '11', '0');
INSERT INTO `t_city` VALUES ('88', '150200', '150000', '包头', '0', '11', '0', '11', '0');
INSERT INTO `t_city` VALUES ('89', '150400', '150000', '赤峰', '0', '9', '0', '9', '0');
INSERT INTO `t_city` VALUES ('90', '152500', '150000', '锡林郭勒盟', '0', '9', '0', '9', '0');
INSERT INTO `t_city` VALUES ('91', '150800', '150000', '巴彦淖尔', '0', '8', '0', '7', '1');
INSERT INTO `t_city` VALUES ('92', '150100', '150000', '呼和浩特', '0', '7', '0', '7', '0');
INSERT INTO `t_city` VALUES ('93', '150500', '150000', '通辽', '0', '7', '0', '7', '0');
INSERT INTO `t_city` VALUES ('94', '150700', '150000', '呼伦贝尔', '0', '7', '0', '7', '0');
INSERT INTO `t_city` VALUES ('95', '150900', '150000', '乌兰察布', '0', '3', '0', '3', '0');
INSERT INTO `t_city` VALUES ('96', '150300', '150000', '乌海市', '0', '2', '0', '2', '0');
INSERT INTO `t_city` VALUES ('97', '152200', '150000', '兴安盟', '0', '1', '0', '1', '0');
INSERT INTO `t_city` VALUES ('98', '0', '120000', '境外输入', '37', '44', '0', '7', '0');
INSERT INTO `t_city` VALUES ('99', '120115', '120000', '宝坻区', '0', '60', '0', '58', '2');
INSERT INTO `t_city` VALUES ('100', '120102', '120000', '河东区', '0', '15', '0', '14', '1');
INSERT INTO `t_city` VALUES ('101', '120105', '120000', '河北区', '0', '12', '0', '12', '0');
INSERT INTO `t_city` VALUES ('102', '120113', '120000', '北辰区', '0', '6', '0', '6', '0');
INSERT INTO `t_city` VALUES ('103', '120104', '120000', '南开区', '0', '6', '0', '6', '0');
INSERT INTO `t_city` VALUES ('104', '120101', '120000', '和平区', '0', '6', '0', '6', '0');
INSERT INTO `t_city` VALUES ('105', '-1', '120000', '外地来津', '0', '6', '0', '6', '0');
INSERT INTO `t_city` VALUES ('106', '120110', '120000', '东丽区', '0', '4', '0', '4', '0');
INSERT INTO `t_city` VALUES ('107', '120117', '120000', '宁河区', '0', '4', '0', '4', '0');
INSERT INTO `t_city` VALUES ('108', '120103', '120000', '河西区', '0', '4', '0', '4', '0');
INSERT INTO `t_city` VALUES ('109', '120111', '120000', '西青区', '0', '4', '0', '4', '0');
INSERT INTO `t_city` VALUES ('110', '120116', '120000', '滨海新区', '0', '3', '0', '3', '0');
INSERT INTO `t_city` VALUES ('111', '120114', '120000', '武清区', '0', '2', '0', '2', '0');
INSERT INTO `t_city` VALUES ('112', '120106', '120000', '红桥区', '0', '2', '0', '2', '0');
INSERT INTO `t_city` VALUES ('113', '120112', '120000', '津南区', '0', '2', '0', '2', '0');
INSERT INTO `t_city` VALUES ('114', '0', '330000', '境外输入', '31', '44', '2', '13', '0');
INSERT INTO `t_city` VALUES ('115', '330400', '330000', '嘉兴', '1', '46', '0', '45', '0');
INSERT INTO `t_city` VALUES ('116', '330300', '330000', '温州', '0', '504', '0', '503', '1');
INSERT INTO `t_city` VALUES ('117', '330100', '330000', '杭州', '0', '181', '0', '181', '0');
INSERT INTO `t_city` VALUES ('118', '330200', '330000', '宁波', '0', '157', '0', '157', '0');
INSERT INTO `t_city` VALUES ('119', '331000', '330000', '台州', '0', '146', '0', '146', '0');
INSERT INTO `t_city` VALUES ('120', '330700', '330000', '金华', '0', '55', '0', '55', '0');
INSERT INTO `t_city` VALUES ('121', '330600', '330000', '绍兴', '0', '42', '0', '42', '0');
INSERT INTO `t_city` VALUES ('122', '0', '330000', '省十里丰监狱', '0', '36', '0', '36', '0');
INSERT INTO `t_city` VALUES ('123', '331100', '330000', '丽水', '0', '17', '0', '17', '0');
INSERT INTO `t_city` VALUES ('124', '330800', '330000', '衢州', '0', '14', '0', '14', '0');
INSERT INTO `t_city` VALUES ('125', '330500', '330000', '湖州', '0', '10', '0', '10', '0');
INSERT INTO `t_city` VALUES ('126', '330900', '330000', '舟山', '0', '10', '0', '10', '0');
INSERT INTO `t_city` VALUES ('127', '0', '320000', '境外输入', '19', '20', '0', '1', '0');
INSERT INTO `t_city` VALUES ('128', '320100', '320000', '南京', '0', '93', '0', '93', '0');
INSERT INTO `t_city` VALUES ('129', '320500', '320000', '苏州', '0', '87', '0', '87', '0');
INSERT INTO `t_city` VALUES ('130', '320300', '320000', '徐州', '0', '79', '0', '79', '0');
INSERT INTO `t_city` VALUES ('131', '320800', '320000', '淮安', '0', '66', '0', '66', '0');
INSERT INTO `t_city` VALUES ('132', '320200', '320000', '无锡', '0', '55', '0', '55', '0');
INSERT INTO `t_city` VALUES ('133', '320400', '320000', '常州', '0', '51', '0', '51', '0');
INSERT INTO `t_city` VALUES ('134', '320700', '320000', '连云港', '0', '48', '0', '48', '0');
INSERT INTO `t_city` VALUES ('135', '320600', '320000', '南通', '0', '40', '0', '40', '0');
INSERT INTO `t_city` VALUES ('136', '321200', '320000', '泰州', '0', '37', '0', '37', '0');
INSERT INTO `t_city` VALUES ('137', '320900', '320000', '盐城', '0', '27', '0', '27', '0');
INSERT INTO `t_city` VALUES ('138', '321000', '320000', '扬州', '0', '23', '0', '23', '0');
INSERT INTO `t_city` VALUES ('139', '321300', '320000', '宿迁', '0', '13', '0', '13', '0');
INSERT INTO `t_city` VALUES ('140', '321100', '320000', '镇江', '0', '12', '0', '12', '0');
INSERT INTO `t_city` VALUES ('141', '0', '370000', '境外输入', '16', '19', '14', '3', '0');
INSERT INTO `t_city` VALUES ('142', '370800', '370000', '济宁', '0', '260', '0', '260', '0');
INSERT INTO `t_city` VALUES ('143', '370200', '370000', '青岛', '0', '61', '0', '60', '1');
INSERT INTO `t_city` VALUES ('144', '371300', '370000', '临沂', '0', '49', '0', '49', '0');
INSERT INTO `t_city` VALUES ('145', '370100', '370000', '济南', '0', '47', '0', '47', '0');
INSERT INTO `t_city` VALUES ('146', '370600', '370000', '烟台', '0', '47', '0', '47', '0');
INSERT INTO `t_city` VALUES ('147', '370700', '370000', '潍坊', '0', '44', '0', '44', '0');
INSERT INTO `t_city` VALUES ('148', '371000', '370000', '威海', '0', '38', '0', '37', '1');
INSERT INTO `t_city` VALUES ('149', '371500', '370000', '聊城', '0', '38', '0', '38', '0');
INSERT INTO `t_city` VALUES ('150', '371400', '370000', '德州', '0', '37', '0', '35', '2');
INSERT INTO `t_city` VALUES ('151', '370900', '370000', '泰安', '0', '35', '0', '33', '2');
INSERT INTO `t_city` VALUES ('152', '370300', '370000', '淄博', '0', '30', '0', '29', '1');
INSERT INTO `t_city` VALUES ('153', '370400', '370000', '枣庄', '0', '24', '0', '24', '0');
INSERT INTO `t_city` VALUES ('154', '371700', '370000', '菏泽', '0', '18', '0', '18', '0');
INSERT INTO `t_city` VALUES ('155', '371100', '370000', '日照', '0', '16', '0', '16', '0');
INSERT INTO `t_city` VALUES ('156', '371600', '370000', '滨州', '0', '15', '0', '15', '0');
INSERT INTO `t_city` VALUES ('157', '510100', '510000', '成都', '16', '162', '13', '143', '3');
INSERT INTO `t_city` VALUES ('158', '513300', '510000', '甘孜州', '0', '78', '0', '78', '0');
INSERT INTO `t_city` VALUES ('159', '511700', '510000', '达州', '0', '42', '0', '42', '0');
INSERT INTO `t_city` VALUES ('160', '511300', '510000', '南充', '0', '39', '0', '39', '0');
INSERT INTO `t_city` VALUES ('161', '511600', '510000', '广安', '0', '30', '0', '30', '0');
INSERT INTO `t_city` VALUES ('162', '510500', '510000', '泸州', '0', '24', '0', '24', '0');
INSERT INTO `t_city` VALUES ('163', '511900', '510000', '巴中', '0', '24', '0', '24', '0');
INSERT INTO `t_city` VALUES ('164', '510700', '510000', '绵阳', '0', '22', '0', '22', '0');
INSERT INTO `t_city` VALUES ('165', '511000', '510000', '内江', '0', '22', '0', '22', '0');
INSERT INTO `t_city` VALUES ('166', '510600', '510000', '德阳', '0', '18', '0', '18', '0');
INSERT INTO `t_city` VALUES ('167', '510900', '510000', '遂宁', '0', '17', '0', '17', '0');
INSERT INTO `t_city` VALUES ('168', '510400', '510000', '攀枝花', '0', '16', '0', '16', '0');
INSERT INTO `t_city` VALUES ('169', '513400', '510000', '凉山州', '0', '13', '0', '13', '0');
INSERT INTO `t_city` VALUES ('170', '511500', '510000', '宜宾', '0', '12', '0', '12', '0');
INSERT INTO `t_city` VALUES ('171', '510300', '510000', '自贡', '0', '9', '0', '9', '0');
INSERT INTO `t_city` VALUES ('172', '511400', '510000', '眉山', '0', '8', '0', '8', '0');
INSERT INTO `t_city` VALUES ('173', '511800', '510000', '雅安', '0', '7', '0', '7', '0');
INSERT INTO `t_city` VALUES ('174', '510800', '510000', '广元', '0', '6', '0', '6', '0');
INSERT INTO `t_city` VALUES ('175', '512000', '510000', '资阳', '0', '4', '0', '4', '0');
INSERT INTO `t_city` VALUES ('176', '511100', '510000', '乐山', '0', '3', '0', '3', '0');
INSERT INTO `t_city` VALUES ('177', '513200', '510000', '阿坝州', '0', '1', '0', '1', '0');
INSERT INTO `t_city` VALUES ('178', '210200', '210000', '大连', '8', '27', '0', '19', '0');
INSERT INTO `t_city` VALUES ('179', '210100', '210000', '沈阳', '3', '32', '0', '29', '0');
INSERT INTO `t_city` VALUES ('180', '211200', '210000', '铁岭', '2', '9', '0', '7', '0');
INSERT INTO `t_city` VALUES ('181', '210300', '210000', '鞍山', '1', '5', '0', '4', '0');
INSERT INTO `t_city` VALUES ('182', '211000', '210000', '辽阳', '1', '4', '0', '3', '0');
INSERT INTO `t_city` VALUES ('183', '210700', '210000', '锦州', '0', '12', '0', '12', '0');
INSERT INTO `t_city` VALUES ('184', '211400', '210000', '葫芦岛', '0', '12', '0', '11', '1');
INSERT INTO `t_city` VALUES ('185', '210600', '210000', '丹东', '0', '11', '0', '11', '0');
INSERT INTO `t_city` VALUES ('186', '211100', '210000', '盘锦', '0', '11', '0', '11', '0');
INSERT INTO `t_city` VALUES ('187', '210900', '210000', '阜新', '0', '8', '0', '8', '0');
INSERT INTO `t_city` VALUES ('188', '211300', '210000', '朝阳', '0', '6', '0', '5', '1');
INSERT INTO `t_city` VALUES ('189', '210500', '210000', '本溪', '0', '3', '0', '3', '0');
INSERT INTO `t_city` VALUES ('190', '210800', '210000', '营口', '0', '1', '0', '1', '0');
INSERT INTO `t_city` VALUES ('191', '0', '210000', '境外输入', '-1', '0', '0', '1', '0');
INSERT INTO `t_city` VALUES ('192', '0', '130000', '境外输入', '8', '8', '0', '0', '0');
INSERT INTO `t_city` VALUES ('193', '130200', '130000', '唐山', '2', '58', '0', '55', '1');
INSERT INTO `t_city` VALUES ('194', '130900', '130000', '沧州', '0', '48', '0', '45', '3');
INSERT INTO `t_city` VALUES ('195', '130700', '130000', '张家口', '0', '41', '0', '41', '0');
INSERT INTO `t_city` VALUES ('196', '130600', '130000', '保定', '0', '32', '0', '32', '0');
INSERT INTO `t_city` VALUES ('197', '130400', '130000', '邯郸', '0', '32', '0', '32', '0');
INSERT INTO `t_city` VALUES ('198', '131000', '130000', '廊坊', '0', '30', '0', '30', '0');
INSERT INTO `t_city` VALUES ('199', '130100', '130000', '石家庄', '0', '29', '0', '29', '0');
INSERT INTO `t_city` VALUES ('200', '130500', '130000', '邢台', '0', '23', '0', '22', '1');
INSERT INTO `t_city` VALUES ('201', '130300', '130000', '秦皇岛', '0', '10', '0', '9', '1');
INSERT INTO `t_city` VALUES ('202', '131100', '130000', '衡水', '0', '8', '0', '8', '0');
INSERT INTO `t_city` VALUES ('203', '130800', '130000', '承德', '0', '7', '0', '7', '0');
INSERT INTO `t_city` VALUES ('204', '0', '530000', '境外输入', '10', '10', '0', '0', '0');
INSERT INTO `t_city` VALUES ('205', '530100', '530000', '昆明', '0', '53', '0', '53', '0');
INSERT INTO `t_city` VALUES ('206', '530600', '530000', '昭通', '0', '25', '0', '25', '0');
INSERT INTO `t_city` VALUES ('207', '532800', '530000', '西双版纳', '0', '15', '0', '14', '1');
INSERT INTO `t_city` VALUES ('208', '530400', '530000', '玉溪', '0', '14', '0', '13', '1');
INSERT INTO `t_city` VALUES ('209', '530300', '530000', '曲靖', '0', '13', '0', '13', '0');
INSERT INTO `t_city` VALUES ('210', '0', '530000', '大理州', '0', '13', '0', '13', '0');
INSERT INTO `t_city` VALUES ('211', '0', '530000', '红河州', '0', '9', '0', '9', '0');
INSERT INTO `t_city` VALUES ('212', '530500', '530000', '保山', '0', '9', '0', '9', '0');
INSERT INTO `t_city` VALUES ('213', '530700', '530000', '丽江', '0', '7', '0', '7', '0');
INSERT INTO `t_city` VALUES ('214', '0', '530000', '德宏州', '0', '5', '0', '5', '0');
INSERT INTO `t_city` VALUES ('215', '530800', '530000', '普洱', '0', '4', '0', '4', '0');
INSERT INTO `t_city` VALUES ('216', '0', '530000', '楚雄州', '0', '4', '0', '4', '0');
INSERT INTO `t_city` VALUES ('217', '0', '530000', '文山州', '0', '2', '0', '2', '0');
INSERT INTO `t_city` VALUES ('218', '530900', '530000', '临沧', '0', '1', '0', '1', '0');
INSERT INTO `t_city` VALUES ('219', '0', '230000', '境外输入', '9', '9', '0', '0', '0');
INSERT INTO `t_city` VALUES ('220', '230100', '230000', '哈尔滨', '0', '198', '0', '194', '4');
INSERT INTO `t_city` VALUES ('221', '230500', '230000', '双鸭山', '0', '52', '0', '49', '3');
INSERT INTO `t_city` VALUES ('222', '231200', '230000', '绥化', '0', '47', '0', '43', '4');
INSERT INTO `t_city` VALUES ('223', '230300', '230000', '鸡西', '0', '46', '0', '46', '0');
INSERT INTO `t_city` VALUES ('224', '230200', '230000', '齐齐哈尔', '0', '43', '0', '42', '1');
INSERT INTO `t_city` VALUES ('225', '230600', '230000', '大庆', '0', '26', '0', '25', '1');
INSERT INTO `t_city` VALUES ('226', '230900', '230000', '七台河', '0', '17', '0', '17', '0');
INSERT INTO `t_city` VALUES ('227', '230800', '230000', '佳木斯', '0', '15', '0', '15', '0');
INSERT INTO `t_city` VALUES ('228', '231000', '230000', '牡丹江', '0', '15', '0', '15', '0');
INSERT INTO `t_city` VALUES ('229', '231100', '230000', '黑河', '0', '14', '0', '14', '0');
INSERT INTO `t_city` VALUES ('230', '230400', '230000', '鹤岗', '0', '5', '0', '5', '0');
INSERT INTO `t_city` VALUES ('231', '232700', '230000', '大兴安岭', '0', '3', '0', '3', '0');
INSERT INTO `t_city` VALUES ('232', '230700', '230000', '伊春', '0', '1', '0', '1', '0');
INSERT INTO `t_city` VALUES ('233', '0', '610000', '境外输入', '8', '11', '0', '3', '0');
INSERT INTO `t_city` VALUES ('234', '610100', '610000', '西安', '0', '120', '0', '117', '3');
INSERT INTO `t_city` VALUES ('235', '610900', '610000', '安康', '0', '26', '0', '26', '0');
INSERT INTO `t_city` VALUES ('236', '610700', '610000', '汉中', '0', '26', '0', '26', '0');
INSERT INTO `t_city` VALUES ('237', '610400', '610000', '咸阳', '0', '17', '0', '17', '0');
INSERT INTO `t_city` VALUES ('238', '610500', '610000', '渭南', '0', '15', '0', '15', '0');
INSERT INTO `t_city` VALUES ('239', '610300', '610000', '宝鸡', '0', '13', '0', '13', '0');
INSERT INTO `t_city` VALUES ('240', '610600', '610000', '延安', '0', '8', '0', '8', '0');
INSERT INTO `t_city` VALUES ('241', '610200', '610000', '铜川', '0', '8', '0', '8', '0');
INSERT INTO `t_city` VALUES ('242', '611000', '610000', '商洛', '0', '7', '0', '7', '0');
INSERT INTO `t_city` VALUES ('243', '610800', '610000', '榆林', '0', '3', '0', '3', '0');
INSERT INTO `t_city` VALUES ('244', '610581', '610000', '韩城', '0', '1', '0', '1', '0');
INSERT INTO `t_city` VALUES ('245', '0', '610000', '杨凌', '0', '1', '0', '1', '0');
INSERT INTO `t_city` VALUES ('246', '0', '620000', '境外输入', '4', '46', '0', '42', '0');
INSERT INTO `t_city` VALUES ('247', '620100', '620000', '兰州', '0', '36', '0', '34', '2');
INSERT INTO `t_city` VALUES ('248', '620500', '620000', '天水', '0', '12', '0', '12', '0');
INSERT INTO `t_city` VALUES ('249', '620800', '620000', '平凉', '0', '9', '0', '9', '0');
INSERT INTO `t_city` VALUES ('250', '621100', '620000', '定西', '0', '9', '0', '9', '0');
INSERT INTO `t_city` VALUES ('251', '623000', '620000', '甘南', '0', '8', '0', '8', '0');
INSERT INTO `t_city` VALUES ('252', '620400', '620000', '白银', '0', '4', '0', '4', '0');
INSERT INTO `t_city` VALUES ('253', '621200', '620000', '陇南', '0', '4', '0', '4', '0');
INSERT INTO `t_city` VALUES ('254', '621000', '620000', '庆阳', '0', '3', '0', '3', '0');
INSERT INTO `t_city` VALUES ('255', '622900', '620000', '临夏', '0', '3', '0', '3', '0');
INSERT INTO `t_city` VALUES ('256', '620700', '620000', '张掖', '0', '2', '0', '2', '0');
INSERT INTO `t_city` VALUES ('257', '620300', '620000', '金昌', '0', '1', '0', '1', '0');
INSERT INTO `t_city` VALUES ('258', '222400', '220000', '延边', '2', '7', '1', '5', '0');
INSERT INTO `t_city` VALUES ('259', '220100', '220000', '长春', '1', '46', '1', '45', '0');
INSERT INTO `t_city` VALUES ('260', '220200', '220000', '吉林市', '1', '6', '0', '5', '0');
INSERT INTO `t_city` VALUES ('261', '220581', '220000', '梅河口', '1', '2', '0', '1', '0');
INSERT INTO `t_city` VALUES ('262', '220300', '220000', '四平市', '0', '15', '0', '14', '1');
INSERT INTO `t_city` VALUES ('263', '220400', '220000', '辽源', '0', '7', '0', '7', '0');
INSERT INTO `t_city` VALUES ('264', '220381', '220000', '公主岭', '0', '6', '0', '6', '0');
INSERT INTO `t_city` VALUES ('265', '220500', '220000', '通化', '0', '6', '0', '6', '0');
INSERT INTO `t_city` VALUES ('266', '220700', '220000', '松原', '0', '2', '0', '2', '0');
INSERT INTO `t_city` VALUES ('267', '220800', '220000', '白城', '0', '1', '0', '1', '0');
INSERT INTO `t_city` VALUES ('268', '0', '140000', '境外输入', '4', '4', '4', '0', '0');
INSERT INTO `t_city` VALUES ('269', '140700', '140000', '晋中', '0', '37', '0', '37', '0');
INSERT INTO `t_city` VALUES ('270', '140100', '140000', '太原', '0', '20', '0', '20', '0');
INSERT INTO `t_city` VALUES ('271', '140800', '140000', '运城', '0', '19', '0', '19', '0');
INSERT INTO `t_city` VALUES ('272', '140200', '140000', '大同', '0', '12', '0', '12', '0');
INSERT INTO `t_city` VALUES ('273', '140500', '140000', '晋城', '0', '10', '0', '10', '0');
INSERT INTO `t_city` VALUES ('274', '140400', '140000', '长治', '0', '8', '0', '8', '0');
INSERT INTO `t_city` VALUES ('275', '140600', '140000', '朔州', '0', '8', '0', '8', '0');
INSERT INTO `t_city` VALUES ('276', '140900', '140000', '忻州', '0', '7', '0', '7', '0');
INSERT INTO `t_city` VALUES ('277', '141100', '140000', '吕梁', '0', '6', '0', '6', '0');
INSERT INTO `t_city` VALUES ('278', '140300', '140000', '阳泉', '0', '4', '0', '4', '0');
INSERT INTO `t_city` VALUES ('279', '141000', '140000', '临汾', '0', '2', '0', '2', '0');
INSERT INTO `t_city` VALUES ('280', '0', '410000', '境外输入', '2', '3', '0', '1', '0');
INSERT INTO `t_city` VALUES ('281', '411100', '410000', '漯河', '1', '36', '0', '35', '0');
INSERT INTO `t_city` VALUES ('282', '411500', '410000', '信阳', '0', '274', '0', '272', '2');
INSERT INTO `t_city` VALUES ('283', '410100', '410000', '郑州', '0', '157', '0', '152', '5');
INSERT INTO `t_city` VALUES ('284', '411300', '410000', '南阳', '0', '156', '0', '153', '3');
INSERT INTO `t_city` VALUES ('285', '411700', '410000', '驻马店', '0', '139', '0', '139', '0');
INSERT INTO `t_city` VALUES ('286', '411400', '410000', '商丘', '0', '91', '0', '88', '3');
INSERT INTO `t_city` VALUES ('287', '411600', '410000', '周口', '0', '76', '0', '75', '1');
INSERT INTO `t_city` VALUES ('288', '410400', '410000', '平顶山', '0', '58', '0', '57', '1');
INSERT INTO `t_city` VALUES ('289', '410700', '410000', '新乡', '0', '57', '0', '54', '3');
INSERT INTO `t_city` VALUES ('290', '410500', '410000', '安阳', '0', '53', '0', '53', '0');
INSERT INTO `t_city` VALUES ('291', '411000', '410000', '许昌', '0', '39', '0', '38', '1');
INSERT INTO `t_city` VALUES ('292', '410800', '410000', '焦作', '0', '32', '0', '31', '1');
INSERT INTO `t_city` VALUES ('293', '410300', '410000', '洛阳', '0', '31', '0', '30', '1');
INSERT INTO `t_city` VALUES ('294', '410200', '410000', '开封', '0', '26', '0', '26', '0');
INSERT INTO `t_city` VALUES ('295', '410600', '410000', '鹤壁', '0', '19', '0', '19', '0');
INSERT INTO `t_city` VALUES ('296', '410900', '410000', '濮阳', '0', '17', '0', '17', '0');
INSERT INTO `t_city` VALUES ('297', '411200', '410000', '三门峡', '0', '7', '0', '6', '1');
INSERT INTO `t_city` VALUES ('298', '419001', '410000', '济源', '0', '5', '0', '5', '0');
INSERT INTO `t_city` VALUES ('299', '0', '500000', '境外输入', '3', '3', '0', '0', '0');
INSERT INTO `t_city` VALUES ('300', '500101', '500000', '万州区', '0', '118', '0', '114', '4');
INSERT INTO `t_city` VALUES ('301', '500105', '500000', '江北区', '0', '28', '0', '28', '0');
INSERT INTO `t_city` VALUES ('302', '500235', '500000', '云阳县', '0', '25', '0', '25', '0');
INSERT INTO `t_city` VALUES ('303', '500117', '500000', '合川区', '0', '23', '0', '23', '0');
INSERT INTO `t_city` VALUES ('304', '500110', '500000', '綦江区', '0', '23', '0', '23', '0');
INSERT INTO `t_city` VALUES ('305', '500115', '500000', '长寿区', '0', '22', '0', '22', '0');
INSERT INTO `t_city` VALUES ('306', '500236', '500000', '奉节县', '0', '22', '0', '22', '0');
INSERT INTO `t_city` VALUES ('307', '500107', '500000', '九龙坡区', '0', '21', '0', '20', '1');
INSERT INTO `t_city` VALUES ('308', '500154', '500000', '开州区', '0', '21', '0', '20', '1');
INSERT INTO `t_city` VALUES ('309', '500233', '500000', '忠县', '0', '21', '0', '21', '0');
INSERT INTO `t_city` VALUES ('310', '500103', '500000', '渝中区', '0', '20', '0', '20', '0');
INSERT INTO `t_city` VALUES ('311', '500231', '500000', '垫江县', '0', '20', '0', '20', '0');
INSERT INTO `t_city` VALUES ('312', '500152', '500000', '潼南区', '0', '18', '0', '18', '0');
INSERT INTO `t_city` VALUES ('313', '500112', '500000', '渝北区', '0', '17', '0', '17', '0');
INSERT INTO `t_city` VALUES ('314', '-1', '500000', '两江新区', '0', '17', '0', '17', '0');
INSERT INTO `t_city` VALUES ('315', '500108', '500000', '南岸区', '0', '15', '0', '15', '0');
INSERT INTO `t_city` VALUES ('316', '500240', '500000', '石柱县', '0', '15', '0', '15', '0');
INSERT INTO `t_city` VALUES ('317', '500111', '500000', '大足区', '0', '14', '0', '14', '0');
INSERT INTO `t_city` VALUES ('318', '500238', '500000', '巫溪县', '0', '14', '0', '14', '0');
INSERT INTO `t_city` VALUES ('319', '500151', '500000', '铜梁区', '0', '10', '0', '10', '0');
INSERT INTO `t_city` VALUES ('320', '500230', '500000', '丰都县', '0', '10', '0', '10', '0');
INSERT INTO `t_city` VALUES ('321', '500237', '500000', '巫山县', '0', '10', '0', '10', '0');
INSERT INTO `t_city` VALUES ('322', '500106', '500000', '沙坪坝区', '0', '9', '0', '9', '0');
INSERT INTO `t_city` VALUES ('323', '500120', '500000', '璧山区', '0', '9', '0', '9', '0');
INSERT INTO `t_city` VALUES ('324', '500153', '500000', '荣昌区', '0', '9', '0', '9', '0');
INSERT INTO `t_city` VALUES ('325', '500104', '500000', '大渡口区', '0', '7', '0', '7', '0');
INSERT INTO `t_city` VALUES ('326', '500113', '500000', '巴南区', '0', '6', '0', '6', '0');
INSERT INTO `t_city` VALUES ('327', '500102', '500000', '涪陵区', '0', '5', '0', '5', '0');
INSERT INTO `t_city` VALUES ('328', '500118', '500000', '永川区', '0', '5', '0', '5', '0');
INSERT INTO `t_city` VALUES ('329', '500116', '500000', '江津区', '0', '4', '0', '4', '0');
INSERT INTO `t_city` VALUES ('330', '500155', '500000', '梁平区', '0', '4', '0', '4', '0');
INSERT INTO `t_city` VALUES ('331', '0', '500000', '高新区', '0', '4', '0', '4', '0');
INSERT INTO `t_city` VALUES ('332', '500114', '500000', '黔江区', '0', '2', '0', '2', '0');
INSERT INTO `t_city` VALUES ('333', '500229', '500000', '城口县', '0', '2', '0', '2', '0');
INSERT INTO `t_city` VALUES ('334', '500243', '500000', '彭水县', '0', '2', '0', '2', '0');
INSERT INTO `t_city` VALUES ('335', '500156', '500000', '武隆区', '0', '1', '0', '1', '0');
INSERT INTO `t_city` VALUES ('336', '500241', '500000', '秀山县', '0', '1', '0', '1', '0');
INSERT INTO `t_city` VALUES ('337', '0', '500000', '酉阳县', '0', '1', '0', '1', '0');
INSERT INTO `t_city` VALUES ('338', '0', '500000', '万盛经开区', '0', '1', '0', '1', '0');
INSERT INTO `t_city` VALUES ('339', '0', '430000', '境外输入', '1', '1', '0', '0', '0');
INSERT INTO `t_city` VALUES ('340', '430100', '430000', '长沙', '0', '242', '0', '240', '2');
INSERT INTO `t_city` VALUES ('341', '430600', '430000', '岳阳', '0', '156', '0', '155', '1');
INSERT INTO `t_city` VALUES ('342', '430500', '430000', '邵阳', '0', '102', '0', '101', '1');
INSERT INTO `t_city` VALUES ('343', '430700', '430000', '常德', '0', '82', '0', '82', '0');
INSERT INTO `t_city` VALUES ('344', '430200', '430000', '株洲', '0', '80', '0', '80', '0');
INSERT INTO `t_city` VALUES ('345', '431300', '430000', '娄底', '0', '76', '0', '76', '0');
INSERT INTO `t_city` VALUES ('346', '430900', '430000', '益阳', '0', '60', '0', '60', '0');
INSERT INTO `t_city` VALUES ('347', '430400', '430000', '衡阳', '0', '48', '0', '48', '0');
INSERT INTO `t_city` VALUES ('348', '431100', '430000', '永州', '0', '44', '0', '44', '0');
INSERT INTO `t_city` VALUES ('349', '431200', '430000', '怀化', '0', '40', '0', '40', '0');
INSERT INTO `t_city` VALUES ('350', '431000', '430000', '郴州', '0', '39', '0', '39', '0');
INSERT INTO `t_city` VALUES ('351', '430300', '430000', '湘潭', '0', '36', '0', '36', '0');
INSERT INTO `t_city` VALUES ('352', '433100', '430000', '湘西自治州', '0', '8', '0', '8', '0');
INSERT INTO `t_city` VALUES ('353', '430800', '430000', '张家界', '0', '5', '0', '5', '0');
INSERT INTO `t_city` VALUES ('354', '0', '360000', '境外输入', '1', '2', '0', '1', '0');
INSERT INTO `t_city` VALUES ('355', '360100', '360000', '南昌', '0', '230', '0', '230', '0');
INSERT INTO `t_city` VALUES ('356', '360500', '360000', '新余', '0', '130', '0', '130', '0');
INSERT INTO `t_city` VALUES ('357', '361100', '360000', '上饶', '0', '123', '0', '123', '0');
INSERT INTO `t_city` VALUES ('358', '360400', '360000', '九江', '0', '118', '0', '118', '0');
INSERT INTO `t_city` VALUES ('359', '360900', '360000', '宜春', '0', '106', '0', '106', '0');
INSERT INTO `t_city` VALUES ('360', '360700', '360000', '赣州', '0', '76', '0', '75', '1');
INSERT INTO `t_city` VALUES ('361', '361000', '360000', '抚州', '0', '72', '0', '72', '0');
INSERT INTO `t_city` VALUES ('362', '360300', '360000', '萍乡', '0', '33', '0', '33', '0');
INSERT INTO `t_city` VALUES ('363', '360800', '360000', '吉安', '0', '22', '0', '22', '0');
INSERT INTO `t_city` VALUES ('364', '360600', '360000', '鹰潭', '0', '18', '0', '18', '0');
INSERT INTO `t_city` VALUES ('365', '360200', '360000', '景德镇', '0', '6', '0', '6', '0');
INSERT INTO `t_city` VALUES ('366', '0', '360000', '赣江新区', '0', '1', '0', '1', '0');
INSERT INTO `t_city` VALUES ('367', '0', '520000', '境外输入', '1', '1', '0', '0', '0');
INSERT INTO `t_city` VALUES ('368', '520100', '520000', '贵阳', '0', '36', '0', '35', '1');
INSERT INTO `t_city` VALUES ('369', '520300', '520000', '遵义', '0', '32', '0', '32', '0');
INSERT INTO `t_city` VALUES ('370', '520500', '520000', '毕节', '0', '23', '0', '23', '0');
INSERT INTO `t_city` VALUES ('371', '522700', '520000', '黔南州', '0', '17', '0', '17', '0');
INSERT INTO `t_city` VALUES ('372', '520200', '520000', '六盘水', '0', '10', '0', '9', '1');
INSERT INTO `t_city` VALUES ('373', '520600', '520000', '铜仁', '0', '10', '0', '10', '0');
INSERT INTO `t_city` VALUES ('374', '522600', '520000', '黔东南州', '0', '10', '0', '10', '0');
INSERT INTO `t_city` VALUES ('375', '520400', '520000', '安顺', '0', '4', '0', '4', '0');
INSERT INTO `t_city` VALUES ('376', '522300', '520000', '黔西南州', '0', '4', '0', '4', '0');
INSERT INTO `t_city` VALUES ('377', '340100', '340000', '合肥', '0', '174', '0', '173', '1');
INSERT INTO `t_city` VALUES ('378', '340300', '340000', '蚌埠', '0', '160', '0', '155', '5');
INSERT INTO `t_city` VALUES ('379', '341200', '340000', '阜阳', '0', '155', '0', '155', '0');
INSERT INTO `t_city` VALUES ('380', '341600', '340000', '亳州', '0', '108', '0', '108', '0');
INSERT INTO `t_city` VALUES ('381', '340800', '340000', '安庆', '0', '83', '0', '83', '0');
INSERT INTO `t_city` VALUES ('382', '341500', '340000', '六安', '0', '69', '0', '69', '0');
INSERT INTO `t_city` VALUES ('383', '341300', '340000', '宿州', '0', '41', '0', '41', '0');
INSERT INTO `t_city` VALUES ('384', '340500', '340000', '马鞍山', '0', '38', '0', '38', '0');
INSERT INTO `t_city` VALUES ('385', '340200', '340000', '芜湖', '0', '34', '0', '34', '0');
INSERT INTO `t_city` VALUES ('386', '340700', '340000', '铜陵', '0', '29', '0', '29', '0');
INSERT INTO `t_city` VALUES ('387', '340600', '340000', '淮北', '0', '27', '0', '27', '0');
INSERT INTO `t_city` VALUES ('388', '340400', '340000', '淮南', '0', '27', '0', '27', '0');
INSERT INTO `t_city` VALUES ('389', '341700', '340000', '池州', '0', '17', '0', '17', '0');
INSERT INTO `t_city` VALUES ('390', '341100', '340000', '滁州', '0', '13', '0', '13', '0');
INSERT INTO `t_city` VALUES ('391', '341000', '340000', '黄山', '0', '9', '0', '9', '0');
INSERT INTO `t_city` VALUES ('392', '341800', '340000', '宣城', '0', '6', '0', '6', '0');
INSERT INTO `t_city` VALUES ('393', '450100', '450000', '南宁', '0', '55', '0', '55', '0');
INSERT INTO `t_city` VALUES ('394', '450500', '450000', '北海', '0', '44', '0', '43', '1');
INSERT INTO `t_city` VALUES ('395', '450300', '450000', '桂林', '0', '32', '0', '32', '0');
INSERT INTO `t_city` VALUES ('396', '451200', '450000', '河池', '0', '28', '0', '27', '1');
INSERT INTO `t_city` VALUES ('397', '450200', '450000', '柳州', '0', '24', '0', '24', '0');
INSERT INTO `t_city` VALUES ('398', '450600', '450000', '防城港', '0', '19', '0', '19', '0');
INSERT INTO `t_city` VALUES ('399', '450900', '450000', '玉林', '0', '11', '0', '11', '0');
INSERT INTO `t_city` VALUES ('400', '451300', '450000', '来宾', '0', '11', '0', '11', '0');
INSERT INTO `t_city` VALUES ('401', '450700', '450000', '钦州', '0', '8', '0', '8', '0');
INSERT INTO `t_city` VALUES ('402', '450800', '450000', '贵港', '0', '8', '0', '8', '0');
INSERT INTO `t_city` VALUES ('403', '450400', '450000', '梧州', '0', '5', '0', '5', '0');
INSERT INTO `t_city` VALUES ('404', '451100', '450000', '贺州', '0', '4', '0', '4', '0');
INSERT INTO `t_city` VALUES ('405', '451000', '450000', '百色', '0', '3', '0', '3', '0');
INSERT INTO `t_city` VALUES ('406', '0', '450000', '境外输入', '0', '2', '0', '2', '0');
INSERT INTO `t_city` VALUES ('407', '460200', '460000', '三亚', '0', '54', '0', '53', '1');
INSERT INTO `t_city` VALUES ('408', '460100', '460000', '海口', '0', '39', '0', '39', '0');
INSERT INTO `t_city` VALUES ('409', '460400', '460000', '儋州', '0', '15', '0', '14', '1');
INSERT INTO `t_city` VALUES ('410', '469006', '460000', '万宁', '0', '13', '0', '13', '0');
INSERT INTO `t_city` VALUES ('411', '469023', '460000', '澄迈', '0', '9', '0', '8', '1');
INSERT INTO `t_city` VALUES ('412', '469026', '460000', '昌江', '0', '7', '0', '7', '0');
INSERT INTO `t_city` VALUES ('413', '469002', '460000', '琼海', '0', '6', '0', '5', '1');
INSERT INTO `t_city` VALUES ('414', '469024', '460000', '临高', '0', '6', '0', '6', '0');
INSERT INTO `t_city` VALUES ('415', '469028', '460000', '陵水', '0', '4', '0', '4', '0');
INSERT INTO `t_city` VALUES ('416', '469021', '460000', '定安', '0', '3', '0', '2', '1');
INSERT INTO `t_city` VALUES ('417', '469005', '460000', '文昌', '0', '3', '0', '3', '0');
INSERT INTO `t_city` VALUES ('418', '469007', '460000', '东方', '0', '3', '0', '2', '1');
INSERT INTO `t_city` VALUES ('419', '469029', '460000', '保亭', '0', '3', '0', '3', '0');
INSERT INTO `t_city` VALUES ('420', '469027', '460000', '乐东', '0', '2', '0', '2', '0');
INSERT INTO `t_city` VALUES ('421', '469030', '460000', '琼中', '0', '1', '0', '1', '0');
INSERT INTO `t_city` VALUES ('422', '650100', '650000', '乌鲁木齐', '0', '23', '0', '23', '0');
INSERT INTO `t_city` VALUES ('423', '654000', '650000', '伊犁州', '0', '18', '0', '18', '0');
INSERT INTO `t_city` VALUES ('424', '0', '650000', '兵团第四师', '0', '10', '0', '9', '1');
INSERT INTO `t_city` VALUES ('425', '0', '650000', '兵团第八师石河子市', '0', '4', '0', '3', '1');
INSERT INTO `t_city` VALUES ('426', '0', '650000', '兵团第九师', '0', '4', '0', '3', '1');
INSERT INTO `t_city` VALUES ('427', '0', '650000', '昌吉州', '0', '4', '0', '4', '0');
INSERT INTO `t_city` VALUES ('428', '650400', '650000', '吐鲁番市', '0', '3', '0', '3', '0');
INSERT INTO `t_city` VALUES ('429', '511902', '650000', '巴州', '0', '3', '0', '3', '0');
INSERT INTO `t_city` VALUES ('430', '0', '650000', '兵团第十二师', '0', '3', '0', '3', '0');
INSERT INTO `t_city` VALUES ('431', '0', '650000', '兵团第六师五家渠市', '0', '2', '0', '2', '0');
INSERT INTO `t_city` VALUES ('432', '0', '650000', '兵团第七师', '0', '1', '0', '1', '0');
INSERT INTO `t_city` VALUES ('433', '652900', '650000', '阿克苏地区', '0', '1', '0', '1', '0');
INSERT INTO `t_city` VALUES ('434', '640100', '640000', '银川', '0', '36', '0', '36', '0');
INSERT INTO `t_city` VALUES ('435', '640300', '640000', '吴忠', '0', '28', '0', '28', '0');
INSERT INTO `t_city` VALUES ('436', '640400', '640000', '固原', '0', '5', '0', '5', '0');
INSERT INTO `t_city` VALUES ('437', '640500', '640000', '中卫', '0', '4', '0', '4', '0');
INSERT INTO `t_city` VALUES ('438', '0', '640000', '宁东', '0', '1', '0', '1', '0');
INSERT INTO `t_city` VALUES ('439', '640200', '640000', '石嘴山', '0', '1', '0', '1', '0');
INSERT INTO `t_city` VALUES ('440', '630100', '630000', '西宁', '0', '15', '0', '15', '0');
INSERT INTO `t_city` VALUES ('441', '632200', '630000', '海北州', '0', '3', '0', '3', '0');
INSERT INTO `t_city` VALUES ('442', '540100', '540000', '拉萨', '0', '1', '0', '1', '0');

-- ----------------------------
-- Table structure for t_province
-- ----------------------------
DROP TABLE IF EXISTS `t_province`;
CREATE TABLE `t_province` (
  `location_id` int(11) NOT NULL COMMENT '省id',
  `province_name` varchar(255) DEFAULT NULL COMMENT '省名称',
  `province_short_name` varchar(255) DEFAULT NULL COMMENT '省简称',
  `current_confirmed_count` int(255) DEFAULT NULL COMMENT '现存确诊',
  `confirmed_count` int(255) DEFAULT NULL COMMENT '累计确诊',
  `suspected_count` int(255) DEFAULT NULL COMMENT '境外输入',
  `cured_count` int(255) DEFAULT NULL COMMENT '累计治愈',
  `dead_count` int(255) DEFAULT NULL COMMENT '累计死亡',
  `comment` varchar(1000) DEFAULT NULL COMMENT '特别说明',
  `statistics_data` varchar(255) DEFAULT NULL COMMENT '统计数据',
  PRIMARY KEY (`location_id`)
) ENGINE=InnoDB DEFAULT CHARSET=utf8 ROW_FORMAT=DYNAMIC;

-- ----------------------------
-- Records of t_province
-- ----------------------------
INSERT INTO `t_province` VALUES ('110000', '北京市', '北京', '139', '585', '164', '438', '8', '北京卫健委未明确大部分治愈与死亡病例的分区归属，因此北京市下辖分区的现存确诊暂无法获取。', 'https://file1.dxycdn.com/2020/0223/004/3398299758115524169-135.json');
INSERT INTO `t_province` VALUES ('120000', '天津市', '天津', '37', '180', '0', '140', '3', '', 'https://file1.dxycdn.com/2020/0223/669/3398299753820555949-135.json');
INSERT INTO `t_province` VALUES ('130000', '河北省', '河北', '10', '326', '0', '310', '6', '', 'https://file1.dxycdn.com/2020/0223/473/3398299751673487477-135.json');
INSERT INTO `t_province` VALUES ('140000', '山西省', '山西', '4', '137', '4', '133', '0', '', 'https://file1.dxycdn.com/2020/0223/196/3398299755968040081-135.json');
INSERT INTO `t_province` VALUES ('150000', '内蒙古自治区', '内蒙古', '42', '117', '0', '74', '1', '', 'https://file1.dxycdn.com/2020/0223/783/3398299758115938727-135.json');
INSERT INTO `t_province` VALUES ('210000', '辽宁省', '辽宁', '14', '141', '0', '125', '2', '现存确诊病例均为境外输入病例', 'https://file1.dxycdn.com/2020/0223/815/3398299758115938736-135.json');
INSERT INTO `t_province` VALUES ('220000', '吉林省', '吉林', '5', '98', '2', '92', '1', '', 'https://file1.dxycdn.com/2020/0223/046/3398299755968039975-135.json');
INSERT INTO `t_province` VALUES ('230000', '黑龙江省', '黑龙江', '9', '491', '0', '469', '13', '', 'https://file1.dxycdn.com/2020/0223/643/3398299753820971199-135.json');
INSERT INTO `t_province` VALUES ('310000', '上海市', '上海', '175', '529', '19', '348', '6', '因未公布分区死亡和治愈，仅展示累计确诊和现存确诊', 'https://file1.dxycdn.com/2020/0223/128/3398299755968454977-135.json');
INSERT INTO `t_province` VALUES ('320000', '江苏省', '江苏', '19', '651', '3', '632', '0', '', 'https://file1.dxycdn.com/2020/0223/111/3398299753820971290-135.json');
INSERT INTO `t_province` VALUES ('330000', '浙江省', '浙江', '32', '1262', '3', '1229', '1', '2月10日通报核减的12例在浙江省治愈的外省病例，根据国家最新要求重新纳入累计病例。', 'https://file1.dxycdn.com/2020/0223/537/3398299755968455045-135.json');
INSERT INTO `t_province` VALUES ('340000', '安徽省', '安徽', '0', '990', '0', '984', '6', '', 'https://file1.dxycdn.com/2020/0223/734/3398299753820971301-135.json');
INSERT INTO `t_province` VALUES ('350000', '福建省', '福建', '48', '350', '3', '301', '1', '', 'https://file1.dxycdn.com/2020/0223/744/3398299751673071813-135.json');
INSERT INTO `t_province` VALUES ('360000', '江西省', '江西', '1', '937', '0', '935', '1', '', 'https://file1.dxycdn.com/2020/0223/161/3398299751673072165-135.json');
INSERT INTO `t_province` VALUES ('370000', '山东省', '山东', '16', '778', '14', '755', '7', '', 'https://file1.dxycdn.com/2020/0223/601/3398299749526003726-135.json');
INSERT INTO `t_province` VALUES ('410000', '河南省', '河南', '3', '1276', '0', '1251', '22', '', 'https://file1.dxycdn.com/2020/0223/958/3398299751673487456-135.json');
INSERT INTO `t_province` VALUES ('420000', '湖北省', '湖北', '834', '67803', '0', '63762', '3207', '4.2无症状感染者721例', 'https://file1.dxycdn.com/2020/0223/618/3398299751673487511-135.json');
INSERT INTO `t_province` VALUES ('430000', '湖南省', '湖南', '1', '1019', '0', '1014', '4', '', 'https://file1.dxycdn.com/2020/0223/440/3398299751673072079-135.json');
INSERT INTO `t_province` VALUES ('440000', '广东省', '广东', '130', '1516', '11', '1378', '8', '深圳：确诊病例含34例境外输入病例；广州：确诊病例含83例境外输入病例；中山：确诊病例含2例境外输入病例；东莞：确诊病例含1例境外输入病例；佛山：确诊病例含9例境外输入病例；梅州：确诊病例含1例境外输入病例；肇庆：确诊病例含1例境外输入病例；珠海：确诊病例含5例境外输入病例；揭阳：确诊病例含1例境外输入病例；湛江：确诊病例含2例境外输入病例；潮州：确诊病例含1例境外输入病例。', 'https://file1.dxycdn.com/2020/0223/281/3398299758115524068-135.json');
INSERT INTO `t_province` VALUES ('450000', '广西壮族自治区', '广西', '0', '254', '0', '252', '2', '', 'https://file1.dxycdn.com/2020/0223/536/3398299758115523880-135.json');
INSERT INTO `t_province` VALUES ('460000', '海南省', '海南', '0', '168', '0', '162', '6', '', 'https://file1.dxycdn.com/2020/0223/126/3398299753820555862-135.json');
INSERT INTO `t_province` VALUES ('500000', '重庆市', '重庆', '3', '579', '1', '570', '6', '', 'https://file1.dxycdn.com/2020/0223/368/3398299751673487486-135.json');
INSERT INTO `t_province` VALUES ('510000', '四川省', '四川', '16', '557', '13', '538', '3', '成都市包含所有境外输入病例16例', 'https://file1.dxycdn.com/2020/0223/926/3398299755968455035-135.json');
INSERT INTO `t_province` VALUES ('520000', '贵州省', '贵州', '1', '147', '0', '144', '2', '3月17日贵阳市新增1例境外输入无症状感染者', 'https://file1.dxycdn.com/2020/0223/148/3398299753820971243-135.json');
INSERT INTO `t_province` VALUES ('530000', '云南省', '云南', '10', '184', '0', '172', '2', '', 'https://file1.dxycdn.com/2020/0223/159/3398299758115523929-135.json');
INSERT INTO `t_province` VALUES ('540000', '西藏自治区', '西藏', '0', '1', '0', '1', '0', '', 'https://file1.dxycdn.com/2020/0223/353/3398299755968039885-135.json');
INSERT INTO `t_province` VALUES ('610000', '陕西省', '陕西', '8', '256', '1', '245', '3', '', 'https://file1.dxycdn.com/2020/0223/857/3398299753820971228-135.json');
INSERT INTO `t_province` VALUES ('620000', '甘肃省', '甘肃', '5', '138', '0', '131', '2', '', 'https://file1.dxycdn.com/2020/0223/559/3398299755968040166-135.json');
INSERT INTO `t_province` VALUES ('630000', '青海省', '青海', '0', '18', '0', '18', '0', '', 'https://file1.dxycdn.com/2020/0223/581/3398299758115524121-135.json');
INSERT INTO `t_province` VALUES ('640000', '宁夏回族自治区', '宁夏', '0', '75', '0', '75', '0', '', 'https://file1.dxycdn.com/2020/0223/353/3398299755968455019-135.json');
INSERT INTO `t_province` VALUES ('650000', '新疆维吾尔自治区', '新疆', '0', '76', '0', '73', '3', '', 'https://file1.dxycdn.com/2020/0223/497/3398299753820556085-135.json');
INSERT INTO `t_province` VALUES ('710000', '台湾', '台湾', '293', '348', '10', '50', '5', '', 'https://file1.dxycdn.com/2020/0223/045/3398299749526003760-135.json');
INSERT INTO `t_province` VALUES ('810000', '香港', '香港', '668', '845', '37', '173', '4', '', 'https://file1.dxycdn.com/2020/0223/331/3398299755968040033-135.json');
INSERT INTO `t_province` VALUES ('820000', '澳门', '澳门', '33', '43', '9', '10', '0', '确诊病例中含9例境外输入病例', 'https://file1.dxycdn.com/2020/0223/840/3398299753820971267-135.json');

-- ----------------------------
-- Table structure for t_statistics
-- ----------------------------
DROP TABLE IF EXISTS `t_statistics`;
CREATE TABLE `t_statistics` (
  `id` int(11) NOT NULL AUTO_INCREMENT COMMENT '主键id',
  `create_time` datetime DEFAULT NULL COMMENT '创建时间',
  `modify_time` datetime DEFAULT NULL COMMENT '修改时间',
  `infect_source` varchar(50) DEFAULT NULL COMMENT '传染源',
  `pass_way` varchar(100) DEFAULT NULL COMMENT '通过',
  `img_url` varchar(255) DEFAULT NULL COMMENT '图片路径',
  `daily_pic` varchar(1000) DEFAULT NULL COMMENT '每日图片',
  `summary` varchar(50) DEFAULT NULL COMMENT '总结',
  `deleted` tinyint(1) DEFAULT NULL COMMENT '逻辑删除0为false，1为true',
  `count_remark` varchar(100) DEFAULT NULL COMMENT '计数备注',
  `current_confirmed_count` int(11) DEFAULT NULL COMMENT '现存确诊',
  `confirmed_count` int(11) DEFAULT NULL COMMENT '累计确诊',
  `suspected_count` int(11) DEFAULT NULL COMMENT '境外输入',
  `cured_count` int(11) DEFAULT NULL COMMENT '累计治愈',
  `dead_count` int(11) DEFAULT NULL COMMENT '累计死亡',
  `serious_count` int(11) DEFAULT NULL COMMENT '现存无症状',
  `virus` varchar(50) DEFAULT NULL COMMENT '该字段已替换为说明1',
  `remark1` varchar(100) DEFAULT NULL COMMENT '备注1',
  `remark2` varchar(100) DEFAULT NULL COMMENT '备注2',
  `remark3` varchar(100) DEFAULT NULL COMMENT '备注3',
  `remark4` varchar(100) DEFAULT NULL COMMENT '备注4',
  `remark5` varchar(100) DEFAULT NULL COMMENT '备注5',
  `note1` varchar(50) DEFAULT NULL COMMENT '笔记1',
  `note2` varchar(50) DEFAULT NULL COMMENT '笔记2',
  `note3` varchar(50) DEFAULT NULL COMMENT '笔记3',
  PRIMARY KEY (`id`)
) ENGINE=InnoDB AUTO_INCREMENT=2 DEFAULT CHARSET=utf8;

-- ----------------------------
-- Records of t_statistics
-- ----------------------------
INSERT INTO `t_statistics` VALUES ('1', '2020-01-21 00:31:39', '2020-04-04 13:25:30', '该字段已替换为说明2', '该字段已替换为说明3', 'https://img1.dxycdn.com/2020/0201/450/3394153392393266839-135.png', 'https://img1.dxycdn.com/2020/0211/763/3395998884005602079-135.png,https://img1.dxycdn.com/2020/0211/362/3395998896890788910-135.png,https://img1.dxycdn.com/2020/0211/365/3395998905480724211-135.png,https://img1.dxycdn.com/2020/0211/364/3395998916217859778-135.png,https://img1.dxycdn.com/2020/0211/922/3395998929103046444-135.png,https://img1.dxycdn.com/2020/0211/089/3395998939840182072-135.png', '', '0', '', '2556', '82875', '888', '76984', '3335', '1030', '该字段已替换为说明1', '易感人群：人群普遍易感。老年人及有基础疾病者感染后病情较重，儿童及婴幼儿也有发病', '潜伏期：一般为3～7天，最长不超过14天，潜伏期内可能存在传染性，其中无症状病例传染性非常罕见', '宿主：野生动物，可能为中华菊头蝠', '', '', '病毒：SARS-CoV-2，其导致疾病命名COVID-19', '传染源：新冠肺炎的患者。无症状感染者也可能成为传染源。', '传播途径：经呼吸道飞沫、接触传播是主要的传播途径。气溶胶传播和消化道等传播途径尚待明确。');

-- ----------------------------
-- Table structure for t_timeline
-- ----------------------------
DROP TABLE IF EXISTS `t_timeline`;
CREATE TABLE `t_timeline` (
  `id` int(11) NOT NULL AUTO_INCREMENT,
  `pub_date` bigint(20) DEFAULT NULL COMMENT '出版日期时间戳',
  `pub_date_str` varchar(255) DEFAULT NULL COMMENT '发布日期字符串',
  `title` varchar(255) DEFAULT NULL COMMENT '标题',
  `summary` varchar(1000) DEFAULT NULL COMMENT '总结',
  `info_source` varchar(255) DEFAULT NULL COMMENT '信息源',
  `source_url` varchar(1000) DEFAULT NULL COMMENT '资源链接',
  PRIMARY KEY (`id`)
) ENGINE=InnoDB AUTO_INCREMENT=6 DEFAULT CHARSET=utf8 ROW_FORMAT=DYNAMIC;

-- ----------------------------
-- Records of t_timeline
-- ----------------------------
INSERT INTO `t_timeline` VALUES ('1', '1585975933000', '11分钟前', '泰国新增89例新冠肺炎确诊病例累计2067例', '当地时间4月4日，泰国卫生部在疫情例行发布会上透露，泰国新增89例新冠肺炎确诊病例。截止到目前，泰国累计确诊病例2067例，其中20例死亡，612例治愈，1435例留院治疗。（总台记者陈林聪）', '央视新闻app', 'http://app.cctv.com/special/cportal/detail/arti/index.html?id=ArtiIupCyV3tKSAz17uaT0ms200404&isfromapp=1');
INSERT INTO `t_timeline` VALUES ('2', '1585974034000', '43分钟前', '乌兹别克斯坦新冠肺炎累计确诊病例达227例', '4日，乌兹别克斯坦卫生部发布消息称，截至当地时间4日上午9时，乌新增6例新冠肺炎确诊病例，累计确诊227例，其中3人死亡，25人治愈。正在接受治疗的患者中，17人有肺炎症状，其中4人情况严重。（总台记者曹胜济）', '央视新闻app', 'http://app.cctv.com/special/cportal/detail/arti/index.html?id=ArtiUyHVDlK49ejYo5dBTOd8200404&isfromapp=1');
INSERT INTO `t_timeline` VALUES ('3', '1585970669000', '1小时前', '缅甸仰光曼德勒等城市出台泼水节限制出行行政令', '缅甸的仰光和曼德勒近日分别出台了泼水节期间限制出行的行政令。据仰光省政府通知，要求在当地时间4月10日起至4月19日期间，所有居民除健康医疗需求和购买食物之外不得外出，该命令已传达至仰光所有镇区。', '央视新闻app', 'http://app.cctv.com/special/cportal/detail/arti/index.html?id=Arti8owKPSYu2FfBx7THdEBl200404&isfromapp=1');
INSERT INTO `t_timeline` VALUES ('4', '1585970597000', '1小时前', '云南4月3日无新增新冠肺炎确诊病例现有境外输入确诊病例10例', '4月3日0时至24时，云南省无新增确诊病例和无症状感染者。截至4月3日24时，云南省通报累计境外输入确诊病例10例（中国籍9例），无症状感染者4例（中国籍3例）。', '央视新闻app', 'http://app.cctv.com/special/cportal/detail/arti/index.html?id=ArticZXNwsEFYIMrLrbcfpQk200404&isfromapp=1');
INSERT INTO `t_timeline` VALUES ('5', '1585969236000', '2小时前', '中国驻马来西亚大使馆下半旗深切悼念新冠肺炎疫情牺牲烈士和逝世同胞', '4月4日早，中国驻马来西亚大使馆下半旗，哀悼在抗击新冠肺炎疫情中牺牲烈士和逝世同胞。', '央视新闻app', 'http://app.cctv.com/special/cportal/detail/arti/index.html?id=ArtiiZJKPb6zz8mBPjg9xCd2200404&isfromapp=1');
